,date,time,comp,round,day,venue,result,gf,ga,opponent,xg,xga,poss,attendance,captain,formation,opp formation,referee,match report,notes,sh,sot,dist,fk,pk,pkatt,season,team
4,2024-09-17,21:00,Champions Lg,League phase,Tue,Away,W,3.0,1.0,it Milan,3.1,0.6,51.0,59826.0,Virgil van Dijk,4-2-3-1,4-2-3-1,Espen Eskås,Match Report,,23.0,11.0,15.7,1.0,0,0,2024,Liverpool
8,2024-10-02,20:00,Champions Lg,League phase,Wed,Home,W,2.0,0.0,it Bologna,1.2,0.6,51.0,59816.0,Virgil van Dijk,4-2-3-1,4-1-4-1,Nikola Dabanović,Match Report,,9.0,4.0,15.4,0.0,0,0,2024,Liverpool
11,2024-10-23,21:00,Champions Lg,League phase,Wed,Away,W,1.0,0.0,de RB Leipzig,2.3,0.8,57.0,45228.0,Virgil van Dijk,4-3-3,4-4-2,Sandro Schärer,Match Report,,17.0,7.0,17.3,0.0,0,0,2024,Liverpool
15,2024-11-05,20:00,Champions Lg,League phase,Tue,Home,W,4.0,0.0,de Leverkusen,3.7,0.9,47.0,59790.0,Virgil van Dijk,4-3-3,3-5-2,Danny Makkelie,Match Report,,22.0,8.0,15.8,1.0,0,0,2024,Liverpool
18,2024-11-27,20:00,Champions Lg,League phase,Wed,Home,W,2.0,0.0,es Real Madrid,2.7,1.2,63.0,59546.0,Virgil van Dijk,4-3-3,4-2-2-2,François Letexier,Match Report,,16.0,7.0,16.7,0.0,0,1,2024,Liverpool
21,2024-12-10,18:45,Champions Lg,League phase,Tue,Away,W,1.0,0.0,es Girona,1.8,1.2,62.0,9241.0,Virgil van Dijk,4-3-3,4-2-3-1,Benoît Bastien,Match Report,,14.0,6.0,18.8,1.0,1,1,2024,Liverpool
5,2024-09-19,21:00,Champions Lg,League phase,Thu,Away,L,1.0,2.0,fr Monaco,0.4,1.3,44.0,13296.0,Marc-André ter Stegen,4-2-3-1,4-2-3-1,Allard Lindhout,Match Report,,4.0,1.0,18.5,1.0,0,0,2024,Barcelona
9,2024-10-01,21:00,Champions Lg,League phase,Tue,Home,W,5.0,0.0,ch Young Boys,3.4,0.8,69.0,45097.0,Raphinha,4-2-3-1,4-1-4-1,Erik Lambrechts,Match Report,,21.0,8.0,15.0,0.0,0,0,2024,Barcelona
12,2024-10-23,21:00,Champions Lg,League phase,Wed,Home,W,4.0,1.0,de Bayern Munich,2.2,1.0,40.0,50312.0,Raphinha,4-2-3-1,4-2-3-1,Slavko Vinčič,Match Report,,12.0,4.0,14.2,0.0,0,0,2024,Barcelona
15,2024-11-06,21:00,Champions Lg,League phase,Wed,Away,W,5.0,2.0,rs Red Star,3.6,0.2,69.0,48886.0,Frenkie de Jong,4-2-3-1,4-5-1,Espen Eskås,Match Report,,21.0,9.0,16.0,0.0,0,0,2024,Barcelona
18,2024-11-26,21:00,Champions Lg,League phase,Tue,Home,W,3.0,0.0,fr Brest,2.8,0.1,75.0,46317.0,Raphinha,4-2-3-1,4-1-2-1-2,Irfan Peljto,Match Report,,18.0,6.0,16.0,1.0,1,1,2024,Barcelona
22,2024-12-11,21:00,Champions Lg,League phase,Wed,Away,W,3.0,2.0,de Dortmund,2.0,2.7,54.0,81365.0,Raphinha,4-2-3-1,4-3-3,François Letexier,Match Report,,13.0,8.0,15.9,0.0,0,0,2024,Barcelona
4,2024-09-19,21:00,Champions Lg,League phase,Thu,Away,D,0.0,0.0,it Atalanta,0.8,1.2,46.0,22858.0,Gabriel Jesus,4-3-3,3-4-3,Clément Turpin,Match Report,,6.0,2.0,14.9,1.0,0,0,2024,Arsenal
8,2024-10-01,20:00,Champions Lg,League phase,Tue,Home,W,2.0,0.0,fr Paris S-G,0.7,0.4,35.0,60103.0,Bukayo Saka,4-4-2,4-3-3,Slavko Vinčič,Match Report,,6.0,5.0,15.7,1.0,0,0,2024,Arsenal
11,2024-10-22,20:00,Champions Lg,League phase,Tue,Home,W,1.0,0.0,ua Shakhtar,1.8,0.7,56.0,59594.0,Gabriel Jesus,4-4-2,4-2-3-1,Benoît Bastien,Match Report,,12.0,4.0,16.0,0.0,0,1,2024,Arsenal
15,2024-11-06,21:00,Champions Lg,League phase,Wed,Away,L,0.0,1.0,it Inter,1.8,1.1,62.0,75222.0,Bukayo Saka,4-4-2,3-5-2,István Kovács,Match Report,,20.0,4.0,14.6,0.0,0,0,2024,Arsenal
18,2024-11-26,20:00,Champions Lg,League phase,Tue,Away,W,5.0,1.0,pt Sporting CP,4.0,1.0,48.0,47386.0,Martin Ødegaard,4-3-3,3-4-3,Szymon Marciniak,Match Report,,12.0,8.0,14.6,0.0,1,1,2024,Arsenal
22,2024-12-11,20:00,Champions Lg,League phase,Wed,Home,W,3.0,0.0,fr Monaco,2.3,0.5,54.0,60157.0,Martin Ødegaard,4-3-3,4-2-3-1,Davide Massa,Match Report,,16.0,8.0,14.2,0.0,0,0,2024,Arsenal
5,2024-09-19,18:45,Champions Lg,League phase,Thu,Away,W,4,0,nl Feyenoord,1.7,0.8,49.0,42297.0,Lukáš Hrádecký,3-4-3,4-3-3,Davide Massa,Match Report,,11.0,4.0,23.5,0.0,0,0,2024,Bayer Leverkusen
8,2024-10-01,21:00,Champions Lg,League phase,Tue,Home,W,1,0,it Milan,1.8,1.0,50.0,30210.0,Lukáš Hrádecký,3-4-3,4-2-3-1,Sandro Schärer,Match Report,,16.0,9.0,17.2,0.0,0,0,2024,Bayer Leverkusen
11,2024-10-23,18:45,Champions Lg,League phase,Wed,Away,D,1,1,fr Brest,1.0,0.5,59.0,15510.0,Jonathan Tah,4-2-3-1,4-3-3,Ivan Kružliak,Match Report,,8.0,3.0,16.4,0.0,0,0,2024,Bayer Leverkusen
15,2024-11-05,20:00,Champions Lg,League phase,Tue,Away,L,0,4,eng Liverpool,0.9,3.7,53.0,59790.0,Lukáš Hrádecký,3-5-2,4-3-3,Danny Makkelie,Match Report,,12.0,4.0,20.1,0.0,0,0,2024,Bayer Leverkusen
18,2024-11-26,21:00,Champions Lg,League phase,Tue,Home,W,5,0,at RB Salzburg,4.3,0.3,62.0,29211.0,Jonathan Tah,3-5-2,4-3-3,Mykola Balakin,Match Report,,28.0,12.0,15.4,2.0,1,1,2024,Bayer Leverkusen
22,2024-12-10,21:00,Champions Lg,League phase,Tue,Home,W,1,0,it Inter,1.1,0.3,60.0,30210.0,Jonathan Tah,4-2-3-1,3-5-2,Slavko Vinčič,Match Report,,17.0,5.0,18.3,0.0,0,0,2024,Bayer Leverkusen
4,2024-09-17,18:45,Champions Lg,League phase,Tue,Away,W,3.0,0.0,ch Young Boys,2.0,0.6,53.0,31500.0,John McGinn,4-2-3-1,4-2-3-1,Georgi Kabakov,Match Report,,20.0,7.0,19.5,1.0,0,0,2024,Aston Villa
8,2024-10-02,20:00,Champions Lg,League phase,Wed,Home,W,1.0,0.0,de Bayern Munich,0.4,1.5,30.0,38991.0,Emiliano Martínez,4-2-3-1,4-2-3-1,Radu Petrescu,Match Report,,5.0,2.0,18.2,0.0,0,0,2024,Aston Villa
11,2024-10-22,20:00,Champions Lg,League phase,Tue,Home,W,2.0,0.0,it Bologna,1.2,0.9,53.0,41847.0,John McGinn,4-2-3-1,4-3-3,João Pinheiro,Match Report,,16.0,6.0,18.8,1.0,0,0,2024,Aston Villa
15,2024-11-06,18:45,Champions Lg,League phase,Wed,Away,L,0.0,1.0,be Club Brugge,0.4,1.4,56.0,23466.0,John McGinn,4-2-3-1,4-2-3-1,Tobias Stieler,Match Report,,8.0,1.0,24.5,0.0,0,0,2024,Aston Villa
18,2024-11-27,20:00,Champions Lg,League phase,Wed,Home,D,0.0,0.0,it Juventus,1.2,0.4,46.0,42589.0,John McGinn,4-2-3-1,4-2-3-1,Jesús Gil,Match Report,,11.0,2.0,17.4,3.0,0,0,2024,Aston Villa
22,2024-12-10,21:00,Champions Lg,League phase,Tue,Away,W,3.0,2.0,de RB Leipzig,2.1,2.2,53.0,40406.0,John McGinn,4-2-3-1,4-4-2,Maurizio Mariani,Match Report,,19.0,8.0,17.7,0.0,0,0,2024,Aston Villa
4,2024-09-18,20:00,Champions Lg,League phase,Wed,Away,D,0.0,0.0,eng Manchester City,0.7,2.3,40.0,50922.0,Nicolò Barella,3-5-2,3-2-4-1,Glenn Nyberg,Match Report,,13.0,3.0,19.5,0.0,0,0,2024,Internazionale
7,2024-10-01,21:00,Champions Lg,League phase,Tue,Home,W,4.0,0.0,rs Red Star,2.8,0.5,53.0,56391.0,Stefan de Vrij,3-5-2,4-2-3-1,Felix Zwayer,Match Report,,14.0,6.0,20.2,1.0,1,1,2024,Internazionale
10,2024-10-23,21:00,Champions Lg,League phase,Wed,Away,W,1.0,0.0,ch Young Boys,3.3,0.8,58.0,31500.0,Nicolò Barella,3-5-2,4-2-3-1,Michael Oliver,Match Report,,18.0,5.0,14.5,0.0,0,1,2024,Internazionale
14,2024-11-06,21:00,Champions Lg,League phase,Wed,Home,W,1.0,0.0,eng Arsenal,1.1,1.8,38.0,75222.0,Lautaro Martínez,3-5-2,4-4-2,István Kovács,Match Report,,6.0,0.0,20.3,0.0,1,1,2024,Internazionale
17,2024-11-26,21:00,Champions Lg,League phase,Tue,Home,W,1.0,0.0,de RB Leipzig,1.4,0.1,50.0,63174.0,Lautaro Martínez,3-1-4-2,4-4-2,João Pinheiro,Match Report,,12.0,3.0,17.4,1.0,0,0,2024,Internazionale
19,2024-12-10,21:00,Champions Lg,League phase,Tue,Away,L,0.0,1.0,de Leverkusen,0.3,1.1,40.0,30210.0,Stefan de Vrij,3-5-2,4-2-3-1,Slavko Vinčič,Match Report,,6.0,0.0,15.3,0.0,0,0,2024,Internazionale
4,2024-09-19,21:00,Champions Lg,League phase,Thu,Home,W,2.0,1.0,at Sturm Graz,2.1,0.5,57.0,14518.0,Brendan Chardonnet,4-3-3,4-1-2-1-2,Nick Walsh,Match Report,,14.0,5.0,16.9,0.0,0,0,2024,Brest
7,2024-10-01,18:45,Champions Lg,League phase,Tue,Away,W,4.0,0.0,at RB Salzburg,2.0,1.6,48.0,20232.0,Hugo Magnetti,4-3-3,4-3-3,Anthony Taylor,Match Report,,13.0,6.0,16.7,0.0,0,0,2024,Brest
10,2024-10-23,18:45,Champions Lg,League phase,Wed,Home,D,1.0,1.0,de Leverkusen,0.5,1.0,41.0,15510.0,Brendan Chardonnet,4-3-3,4-2-3-1,Ivan Kružliak,Match Report,,11.0,3.0,22.1,1.0,0,0,2024,Brest
13,2024-11-06,21:00,Champions Lg,League phase,Wed,Away,W,2.0,1.0,cz Sparta Prague,1.6,0.5,49.0,18033.0,Brendan Chardonnet,4-3-2-1,3-4-3,Mykola Balakin,Match Report,,18.0,7.0,19.6,1.0,0,0,2024,Brest
16,2024-11-26,21:00,Champions Lg,League phase,Tue,Away,L,0.0,3.0,es Barcelona,0.1,2.8,25.0,46317.0,Brendan Chardonnet,4-1-2-1-2◆,4-2-3-1,Irfan Peljto,Match Report,,2.0,0.0,15.0,0.0,0,0,2024,Brest
19,2024-12-10,21:00,Champions Lg,League phase,Tue,Home,W,1.0,0.0,nl PSV Eindhoven,1.6,1.6,34.0,15778.0,Brendan Chardonnet,4-1-2-1-2◆,4-3-3,Jose Maria Sánchez,Match Report,,11.0,4.0,16.2,0.0,0,0,2024,Brest
0,2024-08-06,20:30,Champions Lg,Third qualifying round,Tue,Home,W,2.0,1.0,tr Fenerbahçe,,,,12908.0,Benjamin André,4-4-1-1,4-3-3,,Match Report,Leg 1 of 2,,,,,0,0,2024,Lille
1,2024-08-13,20:00,Champions Lg,Third qualifying round,Tue,Away,D,1.0,1.0,tr Fenerbahçe,,,,40474.0,Benjamin André,4-3-1-2,4-3-3,José Sánchez,Match Report,Leg 2 of 2; Lille won; Required Extra Time,,,,,1,1,2024,Lille
3,2024-08-20,21:00,Champions Lg,Play-off round,Tue,Home,W,2.0,0.0,cz Slavia Prague,,,62.0,15019.0,Benjamin André,5-4-1,3-4-3,Szymon Marciniak,Match Report,Leg 1 of 2,16.0,7.0,,,0,0,2024,Lille
5,2024-08-28,21:00,Champions Lg,Play-off round,Wed,Away,L,1.0,2.0,cz Slavia Prague,,,49.0,18848.0,Benjamin André,3-5-2,3-4-3,Slavko Vinčič,Match Report,Leg 2 of 2; Lille won,8.0,4.0,,,0,0,2024,Lille
8,2024-09-17,20:00,Champions Lg,League phase,Tue,Away,L,0.0,2.0,pt Sporting CP,0.4,1.6,50.0,40024.0,Benjamin André,5-4-1,3-4-3,Donatas Rumšas,Match Report,,3.0,2.0,18.8,0.0,0,0,2024,Lille
11,2024-10-02,21:00,Champions Lg,League phase,Wed,Home,W,1.0,0.0,es Real Madrid,1.1,2.0,42.0,48205.0,Benjamin André,4-2-3-1,4-4-2,Maurizio Mariani,Match Report,,6.0,2.0,20.6,1.0,1,1,2024,Lille
14,2024-10-23,21:00,Champions Lg,League phase,Wed,Away,W,3.0,1.0,es Atlético Madrid,1.3,2.3,39.0,61197.0,Benjamin André,3-4-3,4-3-3,Marco Guida,Match Report,,7.0,2.0,16.8,0.0,1,1,2024,Lille
17,2024-11-05,21:00,Champions Lg,League phase,Tue,Home,D,1.0,1.0,it Juventus,0.8,1.4,34.0,48312.0,Benjamin André,4-2-3-1,4-2-3-1,Irfan Peljto,Match Report,,6.0,3.0,15.5,0.0,0,0,2024,Lille
20,2024-11-27,21:00,Champions Lg,League phase,Wed,Away,W,2.0,1.0,it Bologna,2.1,1.7,43.0,22420.0,Benjamin André,4-2-3-1,4-3-3,Michael Oliver,Match Report,,15.0,7.0,14.0,1.0,0,0,2024,Lille
23,2024-12-11,18:45,Champions Lg,League phase,Wed,Home,W,3.0,2.0,at Sturm Graz,2.0,1.3,66.0,45796.0,Benjamin André,4-2-3-1,4-1-2-1-2,Georgi Kabakov,Match Report,,18.0,9.0,15.7,0.0,0,0,2024,Lille
4,2024-09-18,21:00,Champions Lg,League phase,Wed,Away,W,3.0,0.0,be Club Brugge,1.9,1.2,63.0,19961.0,Emre Can,4-2-3-1,4-1-4-1,Irfan Peljto,Match Report,,16.0,5.0,21.1,1.0,1,1,2024,Dortmund
7,2024-10-01,21:00,Champions Lg,League phase,Tue,Home,W,7.0,1.0,sct Celtic,2.6,2.1,52.0,81365.0,Emre Can,4-2-3-1,4-3-3,Jose Maria Sánchez,Match Report,,14.0,11.0,18.2,0.0,2,2,2024,Dortmund
10,2024-10-22,21:00,Champions Lg,League phase,Tue,Away,L,2.0,5.0,es Real Madrid,1.6,3.5,48.0,74642.0,Julian Brandt,4-2-3-1,4-3-3,István Kovács,Match Report,,8.0,7.0,16.7,0.0,0,0,2024,Dortmund
14,2024-11-05,21:00,Champions Lg,League phase,Tue,Home,W,1.0,0.0,at Sturm Graz,2.0,0.4,66.0,81365.0,Emre Can,4-3-3,4-2-2-2,Erik Lambrechts,Match Report,,21.0,7.0,14.8,0.0,0,0,2024,Dortmund
17,2024-11-27,21:00,Champions Lg,League phase,Wed,Away,W,3.0,0.0,hr Dinamo Zagreb,1.7,0.2,70.0,20019.0,Julian Brandt,4-3-3,5-3-2,Clément Turpin,Match Report,,17.0,6.0,15.0,0.0,0,0,2024,Dortmund
20,2024-12-11,21:00,Champions Lg,League phase,Wed,Home,L,2.0,3.0,es Barcelona,2.7,2.0,46.0,81365.0,Emre Can,4-3-3,4-2-3-1,François Letexier,Match Report,,11.0,1.0,17.4,0.0,1,1,2024,Dortmund
4,2024-09-17,21:00,Champions Lg,League phase,Tue,Home,W,9.0,2.0,hr Dinamo Zagreb,5.9,0.7,70.0,75000.0,Manuel Neuer,4-2-3-1,5-3-2,Juan Martínez,Match Report,,26.0,16.0,18.2,0.0,3,3,2024,Bayern Munich
7,2024-10-02,20:00,Champions Lg,League phase,Wed,Away,L,0.0,1.0,eng Aston Villa,1.5,0.4,70.0,38991.0,Manuel Neuer,4-2-3-1,4-2-3-1,Radu Petrescu,Match Report,,17.0,7.0,19.9,1.0,0,0,2024,Bayern Munich
10,2024-10-23,21:00,Champions Lg,League phase,Wed,Away,L,1.0,4.0,es Barcelona,1.0,2.2,60.0,50312.0,Manuel Neuer,4-2-3-1,4-2-3-1,Slavko Vinčič,Match Report,,11.0,3.0,21.9,0.0,0,0,2024,Bayern Munich
14,2024-11-06,21:00,Champions Lg,League phase,Wed,Home,W,1.0,0.0,pt Benfica,1.4,0.1,73.0,75000.0,Manuel Neuer,4-2-3-1,5-3-2,Davide Massa,Match Report,,24.0,10.0,17.9,1.0,0,0,2024,Bayern Munich
17,2024-11-26,21:00,Champions Lg,League phase,Tue,Home,W,1.0,0.0,fr Paris S-G,2.4,0.8,57.0,75000.0,Manuel Neuer,4-2-3-1,4-4-2,István Kovács,Match Report,,18.0,7.0,16.2,0.0,0,0,2024,Bayern Munich
21,2024-12-10,22:00,Champions Lg,League phase,Tue,Away,W,5.0,1.0,ua Shakhtar,3.6,1.2,66.0,57079.0,Thomas Müller,4-2-3-1,4-1-4-1,Halil Umut Meler,Match Report,,20.0,7.0,17.1,1.0,1,1,2024,Bayern Munich
5,2024-09-19,21:00,Champions Lg,League phase,Thu,Home,W,2.0,1.0,de RB Leipzig,1.7,0.7,52.0,57856.0,Koke,3-4-3,4-4-2,Ivan Kružliak,Match Report,,21.0,4.0,15.6,0.0,0,0,2024,Atletico Madrid
9,2024-10-02,20:00,Champions Lg,League phase,Wed,Away,L,0.0,4.0,pt Benfica,0.2,4.4,47.0,62028.0,Koke,3-4-3,4-3-3,Serdar Gözübüyük,Match Report,,4.0,0.0,17.5,0.0,0,0,2024,Atletico Madrid
12,2024-10-23,21:00,Champions Lg,League phase,Wed,Home,L,1.0,3.0,fr Lille,2.3,1.3,61.0,61197.0,Koke,4-3-3,3-4-3,Marco Guida,Match Report,,11.0,5.0,13.4,0.0,0,0,2024,Atletico Madrid
16,2024-11-06,21:00,Champions Lg,League phase,Wed,Away,W,2.0,1.0,fr Paris S-G,0.7,2.1,29.0,47369.0,Jan Oblak,4-4-2,4-3-3,Szymon Marciniak,Match Report,,4.0,3.0,16.5,0.0,0,0,2024,Atletico Madrid
19,2024-11-26,18:45,Champions Lg,League phase,Tue,Away,W,6.0,0.0,cz Sparta Prague,3.1,0.2,60.0,18110.0,Jan Oblak,4-4-2,3-4-3,Danny Makkelie,Match Report,,24.0,10.0,18.5,1.0,0,0,2024,Atletico Madrid
23,2024-12-11,18:45,Champions Lg,League phase,Wed,Home,W,3.0,1.0,sk Slovan Bratislava,2.0,1.0,59.0,59134.0,Jan Oblak,4-4-2,3-4-3,Manfredas Lukjančukas,Match Report,,19.0,6.0,18.0,1.0,0,0,2024,Atletico Madrid
4,2024-09-17,21:00,Champions Lg,League phase,Tue,Home,L,1.0,3.0,eng Liverpool,0.6,3.1,49.0,59826.0,Davide Calabria,4-2-3-1,4-2-3-1,Espen Eskås,Match Report,,8.0,2.0,16.3,0.0,0,0,2024,Milan
7,2024-10-01,21:00,Champions Lg,League phase,Tue,Away,L,0.0,1.0,de Leverkusen,1.0,1.8,50.0,30210.0,Theo Hernández,4-2-3-1,3-4-3,Sandro Schärer,Match Report,,16.0,5.0,22.6,0.0,0,0,2024,Milan
10,2024-10-22,18:45,Champions Lg,League phase,Tue,Home,W,3.0,1.0,be Club Brugge,1.2,0.6,62.0,58649.0,Theo Hernández,4-3-3,4-4-1-1,Felix Zwayer,Match Report,,15.0,5.0,19.1,0.0,0,0,2024,Milan
13,2024-11-05,21:00,Champions Lg,League phase,Tue,Away,W,3.0,1.0,es Real Madrid,2.5,2.6,43.0,75561.0,Theo Hernández,4-2-3-1,4-4-2,Slavko Vinčič,Match Report,,14.0,9.0,13.6,0.0,0,0,2024,Milan
16,2024-11-26,18:45,Champions Lg,League phase,Tue,Away,W,3.0,2.0,sk Slovan Bratislava,1.9,1.5,66.0,22500.0,Davide Calabria,4-2-3-1,3-4-3,Jose Maria Sánchez,Match Report,,15.0,5.0,20.7,2.0,0,0,2024,Milan
20,2024-12-11,21:00,Champions Lg,League phase,Wed,Home,W,2.0,1.0,rs Red Star,2.0,0.4,51.0,53717.0,Davide Calabria,4-2-3-1,4-2-3-1,Jesús Gil,Match Report,,20.0,10.0,17.4,3.0,0,0,2024,Milan
5,2024-09-19,21:00,Champions Lg,League phase,Thu,Home,D,0.0,0.0,eng Arsenal,1.2,0.8,54.0,22858.0,Marten de Roon,3-4-3,4-3-3,Clément Turpin,Match Report,,7.0,1.0,18.5,0.0,0,1,2024,Atalanta
8,2024-10-02,18:45,Champions Lg,League phase,Wed,Away,W,3.0,0.0,ua Shakhtar,2.6,0.3,53.0,21636.0,Marten de Roon,3-4-1-2,4-1-4-1,João Pinheiro,Match Report,,22.0,5.0,15.1,0.0,0,0,2024,Atalanta
11,2024-10-23,18:45,Champions Lg,League phase,Wed,Home,D,0.0,0.0,sct Celtic,2.4,0.3,66.0,21614.0,Marten de Roon,3-4-1-2,4-3-3,Irfan Peljto,Match Report,,22.0,6.0,15.3,1.0,0,0,2024,Atalanta
15,2024-11-06,21:00,Champions Lg,League phase,Wed,Away,W,2.0,0.0,de Stuttgart,2.3,1.0,45.0,60000.0,Marten de Roon,3-4-3,4-2-3-1,Rade Obrenović,Match Report,,9.0,4.0,16.5,0.0,0,0,2024,Atalanta
18,2024-11-26,21:00,Champions Lg,League phase,Tue,Away,W,6.0,1.0,ch Young Boys,2.5,0.8,54.0,31500.0,Marten de Roon,3-4-3,4-3-3,Manfredas Lukjančukas,Match Report,,18.0,10.0,14.3,1.0,0,0,2024,Atalanta
21,2024-12-10,21:00,Champions Lg,League phase,Tue,Home,L,2.0,3.0,es Real Madrid,3.3,2.1,56.0,22967.0,Marten de Roon,3-4-1-2,4-2-3-1,Szymon Marciniak,Match Report,,19.0,8.0,17.4,1.0,1,1,2024,Atalanta
4,2024-09-17,18:45,Champions Lg,League phase,Tue,Home,W,3.0,1.0,nl PSV Eindhoven,2.9,1.0,44.0,40417.0,Federico Gatti,4-3-3,4-3-3,Alejandro Hernández,Match Report,,15.0,6.0,13.0,0.0,0,0,2024,Juventus
7,2024-10-02,21:00,Champions Lg,League phase,Wed,Away,W,3.0,2.0,de RB Leipzig,1.2,3.3,55.0,45228.0,Gleison Bremer,4-2-3-1,4-4-2,François Letexier,Match Report,,16.0,5.0,19.0,0.0,0,0,2024,Juventus
10,2024-10-22,21:00,Champions Lg,League phase,Tue,Home,L,0.0,1.0,de Stuttgart,0.2,2.5,50.0,41306.0,Danilo,4-3-3,4-2-3-1,Espen Eskås,Match Report,,7.0,1.0,23.9,1.0,0,0,2024,Juventus
14,2024-11-05,21:00,Champions Lg,League phase,Tue,Away,D,1.0,1.0,fr Lille,1.4,0.8,66.0,48312.0,Manuel Locatelli,4-2-3-1,4-2-3-1,Irfan Peljto,Match Report,,10.0,2.0,20.9,0.0,1,1,2024,Juventus
17,2024-11-27,20:00,Champions Lg,League phase,Wed,Away,D,0.0,0.0,eng Aston Villa,0.4,1.2,54.0,42589.0,Manuel Locatelli,4-2-3-1,4-2-3-1,Jesús Gil,Match Report,,8.0,2.0,19.5,0.0,0,0,2024,Juventus
20,2024-12-11,21:00,Champions Lg,League phase,Wed,Home,W,2.0,0.0,eng Manchester City,1.1,1.2,31.0,40890.0,Danilo,4-2-3-1,4-2-3-1,Clément Turpin,Match Report,,10.0,5.0,14.7,0.0,0,0,2024,Juventus
5,2024-09-19,18:45,Champions Lg,League phase,Thu,Away,W,2.0,1.0,rs Red Star,1.3,1.0,45.0,44238.0,Nicolás Otamendi,4-2-3-1,4-2-3-1,Michael Oliver,Match Report,,10.0,3.0,19.9,2.0,0,0,2024,Benfica
8,2024-10-02,20:00,Champions Lg,League phase,Wed,Home,W,4.0,0.0,es Atlético Madrid,4.4,0.2,53.0,62028.0,Nicolás Otamendi,4-3-3,3-4-3,Serdar Gözübüyük,Match Report,,17.0,8.0,18.2,0.0,2,2,2024,Benfica
9,2024-10-23,20:00,Champions Lg,League phase,Wed,Home,L,1.0,3.0,nl Feyenoord,1.7,1.0,63.0,61687.0,Nicolás Otamendi,4-3-3,4-3-3,Halil Umut Meler,Match Report,,16.0,8.0,17.1,1.0,0,0,2024,Benfica
12,2024-11-06,21:00,Champions Lg,League phase,Wed,Away,L,0.0,1.0,de Bayern Munich,0.1,1.4,27.0,75000.0,Nicolás Otamendi,5-3-2,4-2-3-1,Davide Massa,Match Report,,1.0,0.0,85.3,0.0,0,0,2024,Benfica
14,2024-11-27,21:00,Champions Lg,League phase,Wed,Away,W,3.0,2.0,fr Monaco,3.0,1.6,54.0,13581.0,Nicolás Otamendi,4-3-3,4-2-3-1,Rade Obrenović,Match Report,,18.0,8.0,15.8,0.0,0,0,2024,Benfica
17,2024-12-11,20:00,Champions Lg,League phase,Wed,Home,D,0.0,0.0,it Bologna,1.3,0.2,50.0,60650.0,Nicolás Otamendi,4-3-3,4-2-3-1,Radu Petrescu,Match Report,,15.0,5.0,16.0,0.0,0,0,2024,Benfica
4,2024-09-19,21:00,Champions Lg,League phase,Thu,Home,W,2.0,1.0,es Barcelona,1.3,0.4,56.0,13296.0,Denis Zakaria,4-2-3-1,4-2-3-1,Allard Lindhout,Match Report,,18.0,8.0,17.2,1.0,0,0,2024,Monaco
7,2024-10-02,21:00,Champions Lg,League phase,Wed,Away,D,2.0,2.0,hr Dinamo Zagreb,1.9,1.0,61.0,12462.0,Denis Zakaria,4-2-3-1,3-4-3,Harm Osmers,Match Report,,8.0,3.0,14.6,0.0,1,1,2024,Monaco
10,2024-10-22,18:45,Champions Lg,League phase,Tue,Home,W,5.0,1.0,rs Red Star,3.3,1.0,70.0,9590.0,Denis Zakaria,4-2-3-1,5-3-2,Tobias Stieler,Match Report,,27.0,8.0,16.4,0.0,0,0,2024,Monaco
13,2024-11-05,21:00,Champions Lg,League phase,Tue,Away,W,1.0,0.0,it Bologna,0.9,0.5,53.0,23084.0,Thilo Kehrer,4-2-3-1,4-2-3-1,Əliyar Ağayev,Match Report,,10.0,4.0,19.8,1.0,0,0,2024,Monaco
16,2024-11-27,21:00,Champions Lg,League phase,Wed,Home,L,2.0,3.0,pt Benfica,1.6,3.0,46.0,13581.0,Denis Zakaria,4-2-3-1,4-3-3,Rade Obrenović,Match Report,,11.0,5.0,19.4,1.0,0,0,2024,Monaco
19,2024-12-11,20:00,Champions Lg,League phase,Wed,Away,L,0.0,3.0,eng Arsenal,0.5,2.3,46.0,60157.0,Thilo Kehrer,4-2-3-1,4-3-3,Davide Massa,Match Report,,7.0,2.0,22.0,0.0,0,0,2024,Monaco
5,2024-09-17,20:00,Champions Lg,League phase,Tue,Home,W,2.0,0.0,fr Lille,1.6,0.4,50.0,40024.0,Morten Hjulmand,3-4-3,5-4-1,Donatas Rumšas,Match Report,,18.0,5.0,18.5,1.0,0,0,2024,Sporting CP
8,2024-10-01,21:00,Champions Lg,League phase,Tue,Away,D,1.0,1.0,nl PSV Eindhoven,1.3,2.6,44.0,34400.0,Morten Hjulmand,3-4-3,4-3-3,Marco Guida,Match Report,,9.0,3.0,14.3,0.0,0,0,2024,Sporting CP
10,2024-10-22,21:00,Champions Lg,League phase,Tue,Away,W,2.0,0.0,at Sturm Graz,1.4,0.7,60.0,23691.0,Morten Hjulmand,3-4-3,4-4-1-1,Giorgi Kruashvili,Match Report,,15.0,5.0,16.1,0.0,0,0,2024,Sporting CP
13,2024-11-05,20:00,Champions Lg,League phase,Tue,Home,W,4.0,1.0,eng Manchester City,2.9,2.1,28.0,47453.0,Morten Hjulmand,3-4-3,4-1-4-1,Daniel Siebert,Match Report,,7.0,4.0,17.4,0.0,2,2,2024,Sporting CP
15,2024-11-26,20:00,Champions Lg,League phase,Tue,Home,L,1.0,5.0,eng Arsenal,1.0,4.0,52.0,47386.0,Morten Hjulmand,3-4-3,4-3-3,Szymon Marciniak,Match Report,,19.0,8.0,18.8,1.0,0,0,2024,Sporting CP
18,2024-12-10,21:00,Champions Lg,League phase,Tue,Away,L,1.0,2.0,be Club Brugge,1.2,1.0,56.0,22254.0,Morten Hjulmand,3-4-3,4-2-3-1,Anthony Taylor,Match Report,,8.0,2.0,18.3,1.0,0,0,2024,Sporting CP
4,2024-09-19,18:45,Champions Lg,League phase,Thu,Home,L,0.0,4.0,de Leverkusen,0.8,1.7,51.0,42297.0,Quinten Timber,4-3-3,3-4-3,Davide Massa,Match Report,,12.0,3.0,22.4,1.0,0,0,2024,Feyenoord
7,2024-10-02,18:45,Champions Lg,League phase,Wed,Away,W,3.0,2.0,es Girona,1.9,2.2,34.0,8752.0,Quinten Timber,4-3-3,4-2-3-1,Urs Schnyder,Match Report,,6.0,1.0,19.1,1.0,0,1,2024,Feyenoord
10,2024-10-23,20:00,Champions Lg,League phase,Wed,Away,W,3.0,1.0,pt Benfica,1.0,1.7,37.0,61687.0,Quinten Timber,4-3-3,4-3-3,Halil Umut Meler,Match Report,,14.0,6.0,21.8,1.0,0,0,2024,Feyenoord
14,2024-11-06,21:00,Champions Lg,League phase,Wed,Home,L,1.0,3.0,at RB Salzburg,0.8,1.7,58.0,42774.0,Quinten Timber,4-4-2,4-3-3,Donatas Rumšas,Match Report,,14.0,4.0,18.4,0.0,0,0,2024,Feyenoord
17,2024-11-26,20:00,Champions Lg,League phase,Tue,Away,D,3.0,3.0,eng Manchester City,2.2,2.1,37.0,47011.0,Quinten Timber,4-3-3,4-2-3-1,Radu Petrescu,Match Report,,10.0,5.0,20.2,0.0,0,0,2024,Feyenoord
20,2024-12-11,21:00,Champions Lg,League phase,Wed,Home,W,4.0,2.0,cz Sparta Prague,1.0,0.7,56.0,45000.0,Quinten Timber,4-3-3,3-5-2,Tobias Stieler,Match Report,,13.0,9.0,16.6,0.0,0,0,2024,Feyenoord
7,2024-09-18,21:00,Champions Lg,League phase,Wed,Home,L,0.0,3.0,de Dortmund,1.2,1.9,37.0,19961.0,Hans Vanaken,4-1-4-1,4-2-3-1,Irfan Peljto,Match Report,,18.0,5.0,19.6,0.0,0,0,2024,Club Brugge
10,2024-10-02,21:00,Champions Lg,League phase,Wed,Away,W,1.0,0.0,at Sturm Graz,0.7,0.4,61.0,23205.0,Hans Vanaken,4-1-4-1,4-2-2-2,Əliyar Ağayev,Match Report,,13.0,4.0,19.8,0.0,0,0,2024,Club Brugge
13,2024-10-22,18:45,Champions Lg,League phase,Tue,Away,L,1.0,3.0,it Milan,0.6,1.2,38.0,58649.0,Hans Vanaken,4-4-1-1,4-3-3,Felix Zwayer,Match Report,,9.0,5.0,16.9,0.0,0,0,2024,Club Brugge
16,2024-11-06,18:45,Champions Lg,League phase,Wed,Home,W,1.0,0.0,eng Aston Villa,1.4,0.4,44.0,23466.0,Hans Vanaken,4-2-3-1,4-2-3-1,Tobias Stieler,Match Report,,12.0,6.0,22.0,0.0,1,1,2024,Club Brugge
19,2024-11-27,20:00,Champions Lg,League phase,Wed,Away,D,1.0,1.0,sct Celtic,1.1,1.0,40.0,57456.0,Hans Vanaken,4-2-3-1,4-3-3,Georgi Kabakov,Match Report,,9.0,3.0,16.7,0.0,0,0,2024,Club Brugge
22,2024-12-10,21:00,Champions Lg,League phase,Tue,Home,W,2.0,1.0,pt Sporting CP,1.0,1.2,44.0,22254.0,Hans Vanaken,4-2-3-1,3-4-3,Anthony Taylor,Match Report,,9.0,4.0,21.4,1.0,0,0,2024,Club Brugge
6,2024-09-17,21:00,Champions Lg,League phase,Tue,Home,W,3.0,1.0,de Stuttgart,2.6,1.9,46.0,71288.0,Dani Carvajal,4-3-3,4-2-3-1,Halil Umut Meler,Match Report,,20.0,8.0,15.7,0.0,0,0,2024,Real Madrid
10,2024-10-02,21:00,Champions Lg,League phase,Wed,Away,L,0.0,1.0,fr Lille,2.0,1.1,58.0,48205.0,Dani Carvajal,4-4-2,4-2-3-1,Maurizio Mariani,Match Report,,12.0,5.0,13.4,0.0,0,0,2024,Real Madrid
13,2024-10-22,21:00,Champions Lg,League phase,Tue,Home,W,5.0,2.0,de Dortmund,3.5,1.6,52.0,74642.0,Luka Modrić,4-3-3,4-2-3-1,István Kovács,Match Report,,26.0,10.0,15.9,0.0,0,0,2024,Real Madrid
15,2024-11-05,21:00,Champions Lg,League phase,Tue,Home,L,1.0,3.0,it Milan,2.6,2.5,57.0,75561.0,Luka Modrić,4-4-2,4-2-3-1,Slavko Vinčič,Match Report,,22.0,9.0,19.3,1.0,1,1,2024,Real Madrid
18,2024-11-27,20:00,Champions Lg,League phase,Wed,Away,L,0.0,2.0,eng Liverpool,1.2,2.7,37.0,59546.0,Luka Modrić,4-2-2-2,4-3-3,François Letexier,Match Report,,7.0,2.0,27.0,1.0,0,1,2024,Real Madrid
22,2024-12-10,21:00,Champions Lg,League phase,Tue,Away,W,3.0,2.0,it Atalanta,2.1,3.3,44.0,22967.0,Lucas Vázquez,4-2-3-1,3-4-1-2,Szymon Marciniak,Match Report,,10.0,6.0,16.6,1.0,0,0,2024,Real Madrid
5,2024-09-18,20:00,Champions Lg,League phase,Wed,Home,W,5.0,1.0,sk Slovan Bratislava,3.8,0.5,61.0,56826.0,Callum McGregor,4-3-3,4-2-3-1,Danny Makkelie,Match Report,,15.0,10.0,15.8,1.0,1,1,2024,Celtic
7,2024-10-01,21:00,Champions Lg,League phase,Tue,Away,L,1.0,7.0,de Dortmund,2.1,2.6,48.0,81365.0,Callum McGregor,4-3-3,4-2-3-1,Jose Maria Sánchez,Match Report,,9.0,2.0,16.2,0.0,0,0,2024,Celtic
10,2024-10-23,18:45,Champions Lg,League phase,Wed,Away,D,0.0,0.0,it Atalanta,0.3,2.4,34.0,21614.0,Callum McGregor,4-3-3,3-4-1-2,Irfan Peljto,Match Report,,4.0,2.0,19.6,0.0,0,0,2024,Celtic
13,2024-11-05,20:00,Champions Lg,League phase,Tue,Home,W,3.0,1.0,de RB Leipzig,1.8,1.3,60.0,57551.0,Callum McGregor,4-3-3,4-4-2,Benoît Bastien,Match Report,,17.0,5.0,16.9,0.0,0,0,2024,Celtic
16,2024-11-27,20:00,Champions Lg,League phase,Wed,Home,D,1.0,1.0,be Club Brugge,1.0,1.1,60.0,57456.0,Callum McGregor,4-3-3,4-2-3-1,Georgi Kabakov,Match Report,,7.0,3.0,15.8,0.0,0,0,2024,Celtic
20,2024-12-10,18:45,Champions Lg,League phase,Tue,Away,D,0.0,0.0,hr Dinamo Zagreb,0.4,0.5,68.0,18158.0,Callum McGregor,4-3-3,4-2-3-1,Felix Zwayer,Match Report,,7.0,1.0,17.3,1.0,0,0,2024,Celtic
5,2024-09-18,20:00,Champions Lg,League phase,Wed,Home,D,0,0,it Inter,2.3,0.7,60.0,50922.0,Kevin De Bruyne,3-2-4-1,3-5-2,Glenn Nyberg,Match Report,,22.0,5.0,15.2,0.0,0,0,2024,Manchester City
9,2024-10-01,21:00,Champions Lg,League phase,Tue,Away,W,4,0,sk Slovan Bratislava,3.7,0.1,75.0,22500.0,İlkay Gündoğan,4-2-3-1,4-2-3-1,Davide Massa,Match Report,,28.0,14.0,15.6,0.0,0,0,2024,Manchester City
12,2024-10-23,20:00,Champions Lg,League phase,Wed,Home,W,5,0,cz Sparta Prague,2.9,0.2,79.0,50116.0,Bernardo Silva,4-1-4-1,3-4-3,Maurizio Mariani,Match Report,,21.0,9.0,14.2,0.0,1,1,2024,Manchester City
16,2024-11-05,20:00,Champions Lg,League phase,Tue,Away,L,1,4,pt Sporting CP,2.1,2.9,72.0,47453.0,Bernardo Silva,4-1-4-1,3-4-3,Daniel Siebert,Match Report,,19.0,5.0,17.9,2.0,0,1,2024,Manchester City
19,2024-11-26,20:00,Champions Lg,League phase,Tue,Home,D,3,3,nl Feyenoord,2.1,2.2,63.0,47011.0,Bernardo Silva,4-2-3-1,4-3-3,Radu Petrescu,Match Report,,17.0,8.0,16.3,0.0,1,1,2024,Manchester City
23,2024-12-11,21:00,Champions Lg,League phase,Wed,Away,L,0,2,it Juventus,1.2,1.1,69.0,40890.0,Kyle Walker,4-2-3-1,4-2-3-1,Clément Turpin,Match Report,,12.0,3.0,18.3,0.0,0,0,2024,Manchester City
5,2024-09-17,18:45,Champions Lg,League phase,Tue,Away,L,1.0,3.0,it Juventus,1.0,2.9,56.0,40417.0,Luuk de Jong,4-3-3,4-3-3,Alejandro Hernández,Match Report,,13.0,5.0,17.2,0.0,0,0,2024,PSV Eindhoven
8,2024-10-01,21:00,Champions Lg,League phase,Tue,Home,D,1.0,1.0,pt Sporting CP,2.6,1.3,56.0,34400.0,Luuk de Jong,4-3-3,3-4-3,Marco Guida,Match Report,,18.0,6.0,17.2,0.0,0,0,2024,PSV Eindhoven
11,2024-10-22,21:00,Champions Lg,League phase,Tue,Away,D,1.0,1.0,fr Paris S-G,0.2,2.5,39.0,47511.0,Luuk de Jong,4-2-3-1,4-3-3,Glenn Nyberg,Match Report,,8.0,3.0,21.0,0.0,0,0,2024,PSV Eindhoven
14,2024-11-05,18:45,Champions Lg,League phase,Tue,Home,W,4.0,0.0,es Girona,2.0,0.8,62.0,34400.0,Luuk de Jong,4-3-3,4-2-2-2,Michael Oliver,Match Report,,25.0,12.0,18.1,1.0,0,0,2024,PSV Eindhoven
17,2024-11-27,21:00,Champions Lg,League phase,Wed,Home,W,3.0,2.0,ua Shakhtar,2.6,1.0,69.0,35100.0,Luuk de Jong,4-3-3,4-1-4-1,Urs Schnyder,Match Report,,35.0,18.0,17.4,1.0,0,0,2024,PSV Eindhoven
20,2024-12-10,21:00,Champions Lg,League phase,Tue,Away,L,0.0,1.0,fr Brest,1.6,1.6,66.0,15778.0,Luuk de Jong,4-3-3,4-1-2-1-2,Jose Maria Sánchez,Match Report,,18.0,5.0,16.8,0.0,0,0,2024,PSV Eindhoven
3,2024-08-20,21:00,Champions Lg,Play-off round,Tue,Home,W,3.0,0.0,az Qarabağ,,,43.0,14073.0,Bruno Petković,4-1-4-1,4-2-3-1,Glenn Nyberg,Match Report,Leg 1 of 2,20.0,9.0,,,0,0,2024,Dinamo Zagreb
5,2024-08-28,20:45,Champions Lg,Play-off round,Wed,Away,W,2.0,0.0,az Qarabağ,,,42.0,29800.0,Bruno Petković,4-1-3-2,4-2-3-1,Michael Oliver,Match Report,Leg 2 of 2; Dinamo Zagreb won,8.0,2.0,,,0,0,2024,Dinamo Zagreb
8,2024-09-17,21:00,Champions Lg,League phase,Tue,Away,L,2.0,9.0,de Bayern Munich,0.7,5.9,30.0,75000.0,Bruno Petković,5-3-2,4-2-3-1,Juan Martínez,Match Report,,4.0,3.0,14.0,0.0,0,0,2024,Dinamo Zagreb
11,2024-10-02,21:00,Champions Lg,League phase,Wed,Home,D,2.0,2.0,fr Monaco,1.0,1.9,39.0,12462.0,Arijan Ademi,3-4-3,4-2-3-1,Harm Osmers,Match Report,,7.0,3.0,16.2,0.0,0,0,2024,Dinamo Zagreb
14,2024-10-23,21:00,Champions Lg,League phase,Wed,Away,W,2.0,0.0,at RB Salzburg,1.6,1.2,51.0,24018.0,Arijan Ademi,3-5-1-1,4-3-3,Danny Makkelie,Match Report,,18.0,5.0,18.4,1.0,0,0,2024,Dinamo Zagreb
17,2024-11-05,18:45,Champions Lg,League phase,Tue,Away,W,4.0,1.0,sk Slovan Bratislava,1.5,1.7,41.0,22132.0,Stefan Ristovski,4-3-3,4-2-3-1,Anthony Taylor,Match Report,,13.0,5.0,17.2,1.0,0,0,2024,Dinamo Zagreb
20,2024-11-27,21:00,Champions Lg,League phase,Wed,Home,L,0.0,3.0,de Dortmund,0.2,1.7,30.0,20019.0,Stefan Ristovski,5-3-2,4-3-3,Clément Turpin,Match Report,,5.0,1.0,22.0,0.0,0,0,2024,Dinamo Zagreb
23,2024-12-10,18:45,Champions Lg,League phase,Tue,Home,D,0.0,0.0,sct Celtic,0.5,0.4,32.0,18158.0,Stefan Ristovski,4-2-3-1,4-3-3,Felix Zwayer,Match Report,,11.0,2.0,18.0,0.0,0,0,2024,Dinamo Zagreb
4,2024-09-18,21:00,Champions Lg,League phase,Wed,Home,W,1,0,es Girona,2.1,0.2,64.0,39951.0,Marquinhos,4-3-3,4-2-3-1,Daniel Siebert,Match Report,,26.0,5.0,18.0,1.0,0,0,2024,Paris Saint Germain
7,2024-10-01,20:00,Champions Lg,League phase,Tue,Away,L,0,2,eng Arsenal,0.4,0.7,65.0,60103.0,Marquinhos,4-3-3,4-4-2,Slavko Vinčič,Match Report,,10.0,2.0,18.2,0.0,0,0,2024,Paris Saint Germain
10,2024-10-22,21:00,Champions Lg,League phase,Tue,Home,D,1,1,nl PSV Eindhoven,2.5,0.2,61.0,47511.0,Marquinhos,4-3-3,4-2-3-1,Glenn Nyberg,Match Report,,26.0,8.0,16.5,1.0,0,0,2024,Paris Saint Germain
13,2024-11-06,21:00,Champions Lg,League phase,Wed,Home,L,1,2,es Atlético Madrid,2.1,0.7,71.0,47369.0,Marquinhos,4-3-3,4-4-2,Szymon Marciniak,Match Report,,22.0,9.0,17.8,0.0,0,0,2024,Paris Saint Germain
16,2024-11-26,21:00,Champions Lg,League phase,Tue,Away,L,0,1,de Bayern Munich,0.8,2.4,43.0,75000.0,Marquinhos,4-4-2,4-2-3-1,István Kovács,Match Report,,11.0,3.0,19.8,0.0,0,0,2024,Paris Saint Germain
19,2024-12-10,21:00,Champions Lg,League phase,Tue,Away,W,3,0,at RB Salzburg,3.2,0.2,70.0,25065.0,Marquinhos,4-3-3,4-2-3-1,Michael Oliver,Match Report,,15.0,8.0,13.5,0.0,0,0,2024,Paris Saint Germain
5,2024-09-17,21:00,Champions Lg,League phase,Tue,Away,L,1,3,es Real Madrid,1.9,2.6,54.0,71288.0,Atakan Karazor,4-2-3-1,4-3-3,Halil Umut Meler,Match Report,,17.0,7.0,16.3,0.0,0,0,2024,Stuttgart
8,2024-10-01,18:45,Champions Lg,League phase,Tue,Home,D,1,1,cz Sparta Prague,1.7,1.0,76.0,60000.0,Atakan Karazor,4-2-3-1,3-4-3,Manfredas Lukjančukas,Match Report,,26.0,10.0,18.9,2.0,0,0,2024,Stuttgart
11,2024-10-22,21:00,Champions Lg,League phase,Tue,Away,W,1,0,it Juventus,2.5,0.2,50.0,41306.0,Atakan Karazor,4-2-3-1,4-3-3,Espen Eskås,Match Report,,21.0,9.0,19.2,0.0,0,1,2024,Stuttgart
15,2024-11-06,21:00,Champions Lg,League phase,Wed,Home,L,0,2,it Atalanta,1.0,2.3,55.0,60000.0,Atakan Karazor,4-2-3-1,3-4-3,Rade Obrenović,Match Report,,10.0,0.0,20.8,0.0,0,0,2024,Stuttgart
18,2024-11-27,18:45,Champions Lg,League phase,Wed,Away,L,1,5,rs Red Star,0.6,1.8,71.0,41372.0,Atakan Karazor,4-2-3-1,4-2-3-1,Erik Lambrechts,Match Report,,13.0,2.0,16.6,1.0,0,0,2024,Stuttgart
22,2024-12-11,21:00,Champions Lg,League phase,Wed,Home,W,5,1,ch Young Boys,2.3,0.2,64.0,60000.0,Atakan Karazor,4-2-3-1,4-2-3-1,Giorgi Kruashvili,Match Report,,20.0,6.0,16.0,0.0,0,0,2024,Stuttgart
5,2024-09-18,18:45,Champions Lg,League phase,Wed,Away,D,0.0,0.0,it Bologna,0.9,1.2,52.0,23130.0,Mykola Matviyenko,4-2-3-1,4-3-3,Rohit Saggi,Match Report,,3.0,0.0,28.4,0.0,0,1,2024,Shakhtar Donetsk
8,2024-10-02,18:45,Champions Lg,League phase,Wed,Home,L,0.0,3.0,it Atalanta,0.3,2.6,47.0,21636.0,Taras Stepanenko,4-1-4-1,3-4-1-2,João Pinheiro,Match Report,,6.0,0.0,25.2,0.0,0,0,2024,Shakhtar Donetsk
11,2024-10-22,20:00,Champions Lg,League phase,Tue,Away,L,0.0,1.0,eng Arsenal,0.7,1.8,44.0,59594.0,Mykola Matviyenko,4-2-3-1,4-4-2,Benoît Bastien,Match Report,,9.0,1.0,20.3,0.0,0,0,2024,Shakhtar Donetsk
14,2024-11-06,19:45,Champions Lg,League phase,Wed,Home,W,2.0,1.0,ch Young Boys,2.0,1.0,49.0,17420.0,Mykola Matviyenko,4-2-3-1,4-2-3-1,Orel Grinfeeld,Match Report,,17.0,6.0,16.8,0.0,0,0,2024,Shakhtar Donetsk
17,2024-11-27,21:00,Champions Lg,League phase,Wed,Away,L,2.0,3.0,nl PSV Eindhoven,1.0,2.6,31.0,35100.0,Mykola Matviyenko,4-1-4-1,4-3-3,Urs Schnyder,Match Report,,12.0,3.0,16.0,0.0,0,0,2024,Shakhtar Donetsk
20,2024-12-10,22:00,Champions Lg,League phase,Tue,Home,L,1.0,5.0,de Bayern Munich,1.2,3.6,34.0,57079.0,Mykola Matviyenko,4-1-4-1,4-2-3-1,Halil Umut Meler,Match Report,,12.0,4.0,17.4,0.0,0,0,2024,Shakhtar Donetsk
1,2024-07-23,20:00,Champions Lg,Second qualifying round,Tue,Away,W,2.0,0.0,ie Shamrock Rov,,,,9684.0,Qazim Laçi,3-4-3,3-5-2,,Match Report,Leg 1 of 2,2.0,2.0,,,0,0,2024,Sparta Prague
3,2024-07-30,19:00,Champions Lg,Second qualifying round,Tue,Home,W,4.0,2.0,ie Shamrock Rov,,,67.0,17367.0,David Pavelka,3-4-3,3-5-2,,Match Report,Leg 2 of 2; Sparta Prague won,4.0,4.0,,,0,0,2024,Sparta Prague
5,2024-08-06,20:00,Champions Lg,Third qualifying round,Tue,Home,D,1.0,1.0,ro FCSB,,,,17229.0,Qazim Laçi,3-4-3,4-2-3-1,,Match Report,Leg 1 of 2,,,,,0,0,2024,Sparta Prague
7,2024-08-13,21:30,Champions Lg,Third qualifying round,Tue,Away,W,3.0,2.0,ro FCSB,,,,28875.0,Asger Sørensen,3-4-3,4-2-3-1,Morten Krogh,Match Report,Leg 2 of 2; Sparta Prague won,,,,,1,1,2024,Sparta Prague
9,2024-08-21,21:00,Champions Lg,Play-off round,Wed,Away,W,2.0,0.0,se Malmö,,,31.0,20589.0,Filip Panák,3-4-3,4-4-2,Jesús Gil,Match Report,Leg 1 of 2,13.0,4.0,,,0,0,2024,Sparta Prague
11,2024-08-27,21:00,Champions Lg,Play-off round,Tue,Home,W,2.0,0.0,se Malmö,,,43.0,18215.0,Filip Panák,3-4-3,3-4-3,Clément Turpin,Match Report,Leg 2 of 2; Sparta Prague won,13.0,4.0,,,1,2,2024,Sparta Prague
13,2024-09-18,18:45,Champions Lg,League phase,Wed,Home,W,3.0,0.0,at RB Salzburg,2.5,0.6,30.0,17612.0,Filip Panák,3-4-3,4-3-3,Rade Obrenović,Match Report,,11.0,6.0,16.5,0.0,0,0,2024,Sparta Prague
16,2024-10-01,18:45,Champions Lg,League phase,Tue,Away,D,1.0,1.0,de Stuttgart,1.0,1.7,24.0,60000.0,Filip Panák,3-4-3,4-2-3-1,Manfredas Lukjančukas,Match Report,,14.0,3.0,18.2,1.0,0,0,2024,Sparta Prague
19,2024-10-23,20:00,Champions Lg,League phase,Wed,Away,L,0.0,5.0,eng Manchester City,0.2,2.9,21.0,50116.0,Filip Panák,3-4-3,4-1-4-1,Maurizio Mariani,Match Report,,5.0,1.0,18.5,0.0,0,0,2024,Sparta Prague
22,2024-11-06,21:00,Champions Lg,League phase,Wed,Home,L,1.0,2.0,fr Brest,0.5,1.6,51.0,18033.0,Filip Panák,3-4-3,4-3-2-1,Mykola Balakin,Match Report,,6.0,1.0,11.5,0.0,0,0,2024,Sparta Prague
25,2024-11-26,18:45,Champions Lg,League phase,Tue,Home,L,0.0,6.0,es Atlético Madrid,0.2,3.1,40.0,18110.0,Filip Panák,3-4-3,4-4-2,Danny Makkelie,Match Report,,4.0,2.0,14.6,0.0,0,0,2024,Sparta Prague
29,2024-12-11,21:00,Champions Lg,League phase,Wed,Away,L,2.0,4.0,nl Feyenoord,0.7,1.0,44.0,45000.0,Asger Sørensen,3-5-2,4-3-3,Tobias Stieler,Match Report,,13.0,5.0,19.8,0.0,0,0,2024,Sparta Prague
5,2024-09-19,21:00,Champions Lg,League phase,Thu,Away,L,1.0,2.0,fr Brest,0.5,2.1,43.0,14518.0,Jon Gorenc Stanković,4-1-2-1-2◆,4-3-3,Nick Walsh,Match Report,,8.0,2.0,22.2,0.0,0,0,2024,Sturm Graz
9,2024-10-02,21:00,Champions Lg,League phase,Wed,Home,L,0.0,1.0,be Club Brugge,0.4,0.7,39.0,23205.0,Otar Kiteishvili,4-2-2-2,4-1-4-1,Əliyar Ağayev,Match Report,,8.0,1.0,20.2,0.0,0,0,2024,Sturm Graz
12,2024-10-22,21:00,Champions Lg,League phase,Tue,Home,L,0.0,2.0,pt Sporting CP,0.7,1.4,40.0,23691.0,Dimitri Lavalée,4-4-1-1,3-4-3,Giorgi Kruashvili,Match Report,,11.0,5.0,18.9,1.0,0,0,2024,Sturm Graz
15,2024-11-05,21:00,Champions Lg,League phase,Tue,Away,L,0.0,1.0,de Dortmund,0.4,2.0,34.0,81365.0,Otar Kiteishvili,4-2-2-2,4-3-3,Erik Lambrechts,Match Report,,7.0,1.0,20.3,0.0,0,0,2024,Sturm Graz
18,2024-11-27,18:45,Champions Lg,League phase,Wed,Home,W,1.0,0.0,es Girona,0.8,1.7,31.0,21502.0,Otar Kiteishvili,4-2-2-2,4-3-3,Rohit Saggi,Match Report,,9.0,5.0,16.1,0.0,0,0,2024,Sturm Graz
21,2024-12-11,18:45,Champions Lg,League phase,Wed,Away,L,2.0,3.0,fr Lille,1.3,2.0,34.0,45796.0,Jon Gorenc Stanković,4-1-2-1-2◆,4-2-3-1,Georgi Kabakov,Match Report,,10.0,4.0,17.9,0.0,0,0,2024,Sturm Graz
5,2024-09-18,21:00,Champions Lg,League phase,Wed,Away,L,0,1,fr Paris S-G,0.2,2.1,36.0,39951.0,Cristhian Stuani,4-2-3-1,4-3-3,Daniel Siebert,Match Report,,3.0,1.0,12.1,0.0,0,0,2024,Girona
9,2024-10-02,18:45,Champions Lg,League phase,Wed,Home,L,2,3,nl Feyenoord,2.2,1.9,66.0,8752.0,Arnau Martinez,4-2-3-1,4-3-3,Urs Schnyder,Match Report,,13.0,5.0,15.2,0.0,0,1,2024,Girona
12,2024-10-22,21:00,Champions Lg,League phase,Tue,Home,W,2,0,sk Slovan Bratislava,1.7,0.5,64.0,9246.0,Cristhian Stuani,3-4-3,3-4-3,Horațiu Fesnic,Match Report,,14.0,6.0,19.8,1.0,0,1,2024,Girona
16,2024-11-05,18:45,Champions Lg,League phase,Tue,Away,L,0,4,nl PSV Eindhoven,0.8,2.0,38.0,34400.0,Arnau Martinez,4-2-2-2,4-3-3,Michael Oliver,Match Report,,7.0,3.0,19.8,0.0,0,0,2024,Girona
19,2024-11-27,18:45,Champions Lg,League phase,Wed,Away,L,0,1,at Sturm Graz,1.7,0.8,69.0,21502.0,Juanpe,4-3-3,4-2-2-2,Rohit Saggi,Match Report,,9.0,1.0,9.9,0.0,0,0,2024,Girona
23,2024-12-10,18:45,Champions Lg,League phase,Tue,Home,L,0,1,eng Liverpool,1.2,1.8,38.0,9241.0,Juanpe,4-2-3-1,4-3-3,Benoît Bastien,Match Report,,13.0,5.0,18.5,0.0,0,0,2024,Girona
5,2024-08-20,21:00,Champions Lg,Play-off round,Tue,Away,L,1.0,2.0,no Bodø/Glimt,,,34.0,7909.0,Uroš Spajić,4-2-3-1,4-3-3,Ivan Kružliak,Match Report,Leg 1 of 2,11.0,2.0,,,0,0,2024,Red Star Belgrade
6,2024-08-28,21:00,Champions Lg,Play-off round,Wed,Home,W,2.0,0.0,no Bodø/Glimt,,,42.0,46167.0,Uroš Spajić,4-2-3-1,4-3-3,Davide Massa,Match Report,Leg 2 of 2; Red Star won,18.0,8.0,,,1,1,2024,Red Star Belgrade
9,2024-09-19,18:45,Champions Lg,League phase,Thu,Home,L,1.0,2.0,pt Benfica,1.0,1.3,55.0,44238.0,Uroš Spajić,4-2-3-1,4-2-3-1,Michael Oliver,Match Report,,15.0,3.0,22.3,0.0,0,0,2024,Red Star Belgrade
12,2024-10-01,21:00,Champions Lg,League phase,Tue,Away,L,0.0,4.0,it Inter,0.5,2.8,47.0,56391.0,Uroš Spajić,4-2-3-1,3-5-2,Felix Zwayer,Match Report,,11.0,3.0,18.0,0.0,0,0,2024,Red Star Belgrade
15,2024-10-22,18:45,Champions Lg,League phase,Tue,Away,L,1.0,5.0,fr Monaco,1.0,3.3,30.0,9590.0,Uroš Spajić,5-3-2,4-2-3-1,Tobias Stieler,Match Report,,4.0,1.0,18.7,0.0,1,1,2024,Red Star Belgrade
18,2024-11-06,21:00,Champions Lg,League phase,Wed,Home,L,2.0,5.0,es Barcelona,0.2,3.6,31.0,48886.0,Uroš Spajić,4-5-1,4-2-3-1,Espen Eskås,Match Report,,4.0,2.0,19.2,0.0,0,0,2024,Red Star Belgrade
20,2024-11-27,18:45,Champions Lg,League phase,Wed,Home,W,5.0,1.0,de Stuttgart,1.8,0.6,29.0,41372.0,Uroš Spajić,4-2-3-1,4-2-3-1,Erik Lambrechts,Match Report,,11.0,7.0,16.4,0.0,0,0,2024,Red Star Belgrade
24,2024-12-11,21:00,Champions Lg,League phase,Wed,Away,L,1.0,2.0,it Milan,0.4,2.0,49.0,53717.0,Uroš Spajić,4-2-3-1,4-2-3-1,Jesús Gil,Match Report,,9.0,4.0,22.6,0.0,0,0,2024,Red Star Belgrade
1,2024-08-06,20:45,Champions Lg,Third qualifying round,Tue,Home,W,2.0,1.0,nl Twente,,,,17381.0,Janis Blaswich,4-3-3,4-2-3-1,,Match Report,Leg 1 of 2,,,,,0,0,2024,Red Bull Salzburg
3,2024-08-13,19:00,Champions Lg,Third qualifying round,Tue,Away,D,3.0,3.0,nl Twente,,,,29200.0,Janis Blaswich,4-3-3,4-2-3-1,Irfan Peljto,Match Report,Leg 2 of 2; RB Salzburg won,,,,,0,1,2024,Red Bull Salzburg
5,2024-08-21,21:00,Champions Lg,Play-off round,Wed,Away,W,2.0,0.0,ua Dynamo Kyiv,,,49.0,7126.0,Janis Blaswich,4-3-3,4-3-3,Sandro Schärer,Match Report,Leg 1 of 2,16.0,6.0,,,1,1,2024,Red Bull Salzburg
6,2024-08-27,21:00,Champions Lg,Play-off round,Tue,Home,D,1.0,1.0,ua Dynamo Kyiv,,,40.0,23289.0,Janis Blaswich,4-3-3,4-3-3,Halil Umut Meler,Match Report,Leg 2 of 2; RB Salzburg won,12.0,3.0,,,0,0,2024,Red Bull Salzburg
8,2024-09-18,18:45,Champions Lg,League phase,Wed,Away,L,0.0,3.0,cz Sparta Prague,0.6,2.5,70.0,17612.0,Janis Blaswich,4-3-3,3-4-3,Rade Obrenović,Match Report,,11.0,1.0,21.8,1.0,0,0,2024,Red Bull Salzburg
11,2024-10-01,18:45,Champions Lg,League phase,Tue,Home,L,0.0,4.0,fr Brest,1.6,2.0,52.0,20232.0,Janis Blaswich,4-3-3,4-3-3,Anthony Taylor,Match Report,,15.0,7.0,14.8,0.0,0,0,2024,Red Bull Salzburg
14,2024-10-23,21:00,Champions Lg,League phase,Wed,Home,L,0.0,2.0,hr Dinamo Zagreb,1.2,1.6,49.0,24018.0,Amar Dedić,4-3-3,3-5-1-1,Danny Makkelie,Match Report,,11.0,2.0,17.3,0.0,0,0,2024,Red Bull Salzburg
17,2024-11-06,21:00,Champions Lg,League phase,Wed,Away,W,3.0,1.0,nl Feyenoord,1.7,0.8,42.0,42774.0,Janis Blaswich,4-3-3,4-4-2,Donatas Rumšas,Match Report,,8.0,3.0,20.2,0.0,0,1,2024,Red Bull Salzburg
20,2024-11-26,21:00,Champions Lg,League phase,Tue,Away,L,0.0,5.0,de Leverkusen,0.3,4.3,38.0,29211.0,Amar Dedić,4-3-3,3-5-2,Mykola Balakin,Match Report,,7.0,2.0,19.6,0.0,0,0,2024,Red Bull Salzburg
24,2024-12-10,21:00,Champions Lg,League phase,Tue,Home,L,0.0,3.0,fr Paris S-G,0.2,3.2,30.0,25065.0,Amar Dedić,4-2-3-1,4-3-3,Michael Oliver,Match Report,,3.0,1.0,20.8,0.0,0,0,2024,Red Bull Salzburg
4,2024-09-18,18:45,Champions Lg,League phase,Wed,Home,D,0.0,0.0,ua Shakhtar,1.2,0.9,48.0,23130.0,Riccardo Orsolini,4-3-3,4-2-3-1,Rohit Saggi,Match Report,,17.0,4.0,19.3,1.0,0,0,2024,Bologna
7,2024-10-02,20:00,Champions Lg,League phase,Wed,Away,L,0.0,2.0,eng Liverpool,0.6,1.2,49.0,59816.0,Remo Freuler,4-1-4-1,4-2-3-1,Nikola Dabanović,Match Report,,12.0,2.0,19.7,1.0,0,0,2024,Bologna
10,2024-10-22,20:00,Champions Lg,League phase,Tue,Away,L,0.0,2.0,eng Aston Villa,0.9,1.2,47.0,41847.0,Sam Beukema,4-3-3,4-2-3-1,João Pinheiro,Match Report,,12.0,4.0,20.9,0.0,0,0,2024,Bologna
13,2024-11-05,21:00,Champions Lg,League phase,Tue,Home,L,0.0,1.0,fr Monaco,0.5,0.9,47.0,23084.0,Remo Freuler,4-2-3-1,4-2-3-1,Əliyar Ağayev,Match Report,,7.0,2.0,16.7,0.0,0,0,2024,Bologna
16,2024-11-27,21:00,Champions Lg,League phase,Wed,Home,L,1.0,2.0,fr Lille,1.7,2.1,57.0,22420.0,Lewis Ferguson,4-3-3,4-2-3-1,Michael Oliver,Match Report,,12.0,6.0,15.5,1.0,0,0,2024,Bologna
20,2024-12-11,20:00,Champions Lg,League phase,Wed,Away,D,0.0,0.0,pt Benfica,0.2,1.3,50.0,60650.0,Lewis Ferguson,4-2-3-1,4-3-3,Radu Petrescu,Match Report,,6.0,1.0,18.2,0.0,0,0,2024,Bologna
4,2024-09-19,21:00,Champions Lg,League phase,Thu,Away,L,1.0,2.0,es Atlético Madrid,0.7,1.7,48.0,57856.0,Willi Orban,4-4-2,3-4-3,Ivan Kružliak,Match Report,,7.0,3.0,17.1,1.0,0,0,2024,RB Leipzig
7,2024-10-02,21:00,Champions Lg,League phase,Wed,Home,L,2.0,3.0,it Juventus,3.3,1.2,45.0,45228.0,Willi Orban,4-4-2,4-2-3-1,François Letexier,Match Report,,23.0,6.0,17.4,2.0,1,1,2024,RB Leipzig
10,2024-10-23,21:00,Champions Lg,League phase,Wed,Home,L,0.0,1.0,eng Liverpool,0.8,2.3,43.0,45228.0,Willi Orban,4-4-2,4-3-3,Sandro Schärer,Match Report,,13.0,6.0,21.1,0.0,0,0,2024,RB Leipzig
14,2024-11-05,20:00,Champions Lg,League phase,Tue,Away,L,1.0,3.0,sct Celtic,1.3,1.8,40.0,57551.0,Willi Orban,4-4-2,4-3-3,Benoît Bastien,Match Report,,10.0,3.0,18.0,0.0,0,0,2024,RB Leipzig
17,2024-11-26,21:00,Champions Lg,League phase,Tue,Away,L,0.0,1.0,it Inter,0.1,1.4,50.0,63174.0,Willi Orban,4-4-2,3-1-4-2,João Pinheiro,Match Report,,7.0,1.0,23.8,0.0,0,0,2024,RB Leipzig
21,2024-12-10,21:00,Champions Lg,League phase,Tue,Home,L,2.0,3.0,eng Aston Villa,2.2,2.1,47.0,40406.0,Willi Orban,4-4-2,4-2-3-1,Maurizio Mariani,Match Report,,17.0,6.0,16.8,1.0,0,0,2024,RB Leipzig
0,2024-07-10,19:00,Champions Lg,First qualifying round,Wed,Home,W,4.0,2.0,mk FK Struga Trim-Lum,,,,11259.0,Vladimír Weiss,4-1-4-1,3-4-1-2,,Match Report,Leg 1 of 2,4.0,4.0,,,0,0,2024,Slovan Bratislava
1,2024-07-17,17:00,Champions Lg,First qualifying round,Wed,Away,W,2.0,1.0,mk FK Struga Trim-Lum,,,,1223.0,Vladimír Weiss,3-4-3,3-4-1-2,,Match Report,Leg 2 of 2; Slovan Bratislava won,,,,,0,0,2024,Slovan Bratislava
2,2024-07-24,20:15,Champions Lg,Second qualifying round,Wed,Away,D,1.0,1.0,si NK Celje,,,,4382.0,Vladimír Weiss,3-4-3,4-3-3,,Match Report,Leg 1 of 2,1.0,1.0,,,0,0,2024,Slovan Bratislava
3,2024-07-30,20:30,Champions Lg,Second qualifying round,Tue,Home,W,5.0,0.0,si NK Celje,,,,17197.0,Vladimír Weiss,4-1-4-1,4-3-3,,Match Report,Leg 2 of 2; Slovan Bratislava won,5.0,5.0,,,0,0,2024,Slovan Bratislava
4,2024-08-07,20:30,Champions Lg,Third qualifying round,Wed,Home,W,2.0,0.0,cy APOEL,,,,20404.0,Vladimír Weiss,4-3-3,4-3-3,,Match Report,Leg 1 of 2,,,,,0,0,2024,Slovan Bratislava
5,2024-08-13,20:00,Champions Lg,Third qualifying round,Tue,Away,D,0.0,0.0,cy APOEL,,,,13507.0,Vladimír Weiss,4-3-3,4-4-2,Sascha Stegemann,Match Report,Leg 2 of 2; Slovan Bratislava won,,,,,0,0,2024,Slovan Bratislava
6,2024-08-21,21:00,Champions Lg,Play-off round,Wed,Away,D,1.0,1.0,dk Midtjylland,,,40.0,9202.0,Vladimír Weiss,4-2-3-1,4-4-2,Alejandro Hernández,Match Report,Leg 1 of 2,11.0,5.0,,,0,0,2024,Slovan Bratislava
7,2024-08-28,21:00,Champions Lg,Play-off round,Wed,Home,W,3.0,2.0,dk Midtjylland,,,50.0,21609.0,Vladimír Weiss,4-2-3-1,4-4-2,Tobias Stieler,Match Report,Leg 2 of 2; Slovan Bratislava won,15.0,8.0,,,0,0,2024,Slovan Bratislava
8,2024-09-18,20:00,Champions Lg,League phase,Wed,Away,L,1.0,5.0,sct Celtic,0.5,3.8,39.0,56826.0,Vladimír Weiss,4-2-3-1,4-3-3,Danny Makkelie,Match Report,,8.0,2.0,17.1,0.0,0,0,2024,Slovan Bratislava
9,2024-10-01,21:00,Champions Lg,League phase,Tue,Home,L,0.0,4.0,eng Manchester City,0.1,3.7,25.0,22500.0,Vladimír Weiss,4-2-3-1,4-2-3-1,Davide Massa,Match Report,,3.0,0.0,24.9,0.0,0,0,2024,Slovan Bratislava
10,2024-10-22,21:00,Champions Lg,League phase,Tue,Away,L,0.0,2.0,es Girona,0.5,1.7,36.0,9246.0,Guram Kashia,3-4-3,3-4-3,Horațiu Fesnic,Match Report,,6.0,2.0,17.9,1.0,0,0,2024,Slovan Bratislava
11,2024-11-05,18:45,Champions Lg,League phase,Tue,Home,L,1.0,4.0,hr Dinamo Zagreb,1.7,1.5,59.0,22132.0,Marko Tolić,4-2-3-1,4-3-3,Anthony Taylor,Match Report,,19.0,5.0,19.5,0.0,0,0,2024,Slovan Bratislava
12,2024-11-26,18:45,Champions Lg,League phase,Tue,Home,L,2.0,3.0,it Milan,1.5,1.9,34.0,22500.0,Juraj Kucka,3-4-3,4-2-3-1,Jose Maria Sánchez,Match Report,,6.0,2.0,20.7,1.0,0,0,2024,Slovan Bratislava
13,2024-12-11,18:45,Champions Lg,League phase,Wed,Away,L,1.0,3.0,es Atlético Madrid,1.0,2.0,41.0,59134.0,Juraj Kucka,3-4-3,4-4-2,Manfredas Lukjančukas,Match Report,,4.0,1.0,17.4,0.0,1,1,2024,Slovan Bratislava
5,2024-08-21,21:00,Champions Lg,Play-off round,Wed,Home,W,3.0,2.0,tr Galatasaray,,,48.0,31500.0,David von Ballmoos,4-4-2,4-2-3-1,Daniel Siebert,Match Report,Leg 1 of 2,16.0,5.0,,,1,1,2024,Young Boys
6,2024-08-27,22:00,Champions Lg,Play-off round,Tue,Away,W,1.0,0.0,tr Galatasaray,,,38.0,46827.0,Mohamed Aly Camara,4-2-3-1,4-4-2,Espen Eskås,Match Report,Leg 2 of 2; Young Boys won,16.0,6.0,,,0,0,2024,Young Boys
8,2024-09-17,18:45,Champions Lg,League phase,Tue,Home,L,0.0,3.0,eng Aston Villa,0.6,2.0,47.0,31500.0,David von Ballmoos,4-2-3-1,4-2-3-1,Georgi Kabakov,Match Report,,12.0,5.0,21.1,1.0,0,0,2024,Young Boys
11,2024-10-01,21:00,Champions Lg,League phase,Tue,Away,L,0.0,5.0,es Barcelona,0.8,3.4,31.0,45097.0,Mohamed Aly Camara,4-1-4-1,4-2-3-1,Erik Lambrechts,Match Report,,5.0,1.0,14.1,0.0,0,0,2024,Young Boys
14,2024-10-23,21:00,Champions Lg,League phase,Wed,Home,L,0.0,1.0,it Inter,0.8,3.3,42.0,31500.0,Loris Benito,4-2-3-1,3-5-2,Michael Oliver,Match Report,,20.0,2.0,20.8,1.0,0,0,2024,Young Boys
18,2024-11-06,19:45,Champions Lg,League phase,Wed,Away,L,1.0,2.0,ua Shakhtar,1.0,2.0,51.0,17420.0,Loris Benito,4-2-3-1,4-2-3-1,Orel Grinfeeld,Match Report,,10.0,1.0,17.2,0.0,0,0,2024,Young Boys
21,2024-11-26,21:00,Champions Lg,League phase,Tue,Home,L,1.0,6.0,it Atalanta,0.8,2.5,46.0,31500.0,David von Ballmoos,4-3-3,3-4-3,Manfredas Lukjančukas,Match Report,,9.0,1.0,16.8,0.0,0,0,2024,Young Boys
24,2024-12-11,21:00,Champions Lg,League phase,Wed,Away,L,1.0,5.0,de Stuttgart,0.2,2.3,36.0,60000.0,Loris Benito,4-2-3-1,4-2-3-1,Giorgi Kruashvili,Match Report,,5.0,1.0,26.1,0.0,0,0,2024,Young Boys
5,2023-09-20,21:00,Champions Lg,Group stage,Wed,Home,W,4,3,eng Manchester Utd,2.2,1.7,59.0,75000.0,Joshua Kimmich,4-2-3-1,4-2-3-1,Glenn Nyberg,Match Report,,18.0,8.0,16.6,0.0,1,1,2023,Bayern Munich
9,2023-10-03,21:00,Champions Lg,Group stage,Tue,Away,W,2,1,dk FC Copenhagen,0.9,0.9,57.0,35690.0,Joshua Kimmich,4-2-3-1,4-3-3,Orel Grinfeeld,Match Report,,15.0,5.0,17.5,1.0,0,0,2023,Bayern Munich
12,2023-10-24,19:45,Champions Lg,Group stage,Tue,Away,W,3,1,tr Galatasaray,1.9,2.7,48.0,51776.0,Joshua Kimmich,4-2-3-1,4-2-3-1,Davide Massa,Match Report,,14.0,6.0,14.9,1.0,0,0,2023,Bayern Munich
16,2023-11-08,21:00,Champions Lg,Group stage,Wed,Home,W,2,1,tr Galatasaray,2.5,0.7,61.0,75000.0,Manuel Neuer,4-2-3-1,4-2-3-1,António Nobre,Match Report,,16.0,4.0,13.6,0.0,0,0,2023,Bayern Munich
19,2023-11-29,21:00,Champions Lg,Group stage,Wed,Home,D,0,0,dk FC Copenhagen,0.7,0.7,62.0,75000.0,Manuel Neuer,4-2-3-1,4-3-2-1,Stéphanie Frappart,Match Report,,9.0,2.0,16.7,1.0,0,0,2023,Bayern Munich
21,2023-12-12,20:00,Champions Lg,Group stage,Tue,Away,W,1,0,eng Manchester Utd,1.2,0.3,59.0,73073.0,Manuel Neuer,4-2-3-1,4-2-3-1,Espen Eskås,Match Report,,10.0,3.0,16.4,0.0,0,0,2023,Bayern Munich
30,2024-02-14,21:00,Champions Lg,Round of 16,Wed,Away,L,0,1,it Lazio,1.1,1.6,61.0,57470.0,Manuel Neuer,4-2-3-1,4-3-3,François Letexier,Match Report,Leg 1 of 2,17.0,0.0,17.6,1.0,0,0,2023,Bayern Munich
34,2024-03-05,21:00,Champions Lg,Round of 16,Tue,Home,W,3,0,it Lazio,3.5,0.4,60.0,75000.0,Manuel Neuer,4-2-3-1,4-3-3,Slavko Vinčič,Match Report,Leg 2 of 2; Bayern Munich won,24.0,7.0,16.0,0.0,0,0,2023,Bayern Munich
39,2024-04-09,20:00,Champions Lg,Quarter-finals,Tue,Away,D,2,2,eng Arsenal,1.9,1.0,41.0,60221.0,Manuel Neuer,4-2-3-1,4-3-3,Glenn Nyberg,Match Report,Leg 1 of 2,7.0,1.0,20.5,0.0,1,1,2023,Bayern Munich
41,2024-04-17,21:00,Champions Lg,Quarter-finals,Wed,Home,W,1,0,eng Arsenal,1.3,0.4,51.0,75000.0,Manuel Neuer,4-2-3-1,4-3-3,Danny Makkelie,Match Report,Leg 2 of 2; Bayern Munich won,15.0,3.0,14.9,0.0,0,0,2023,Bayern Munich
44,2024-04-30,21:00,Champions Lg,Semi-finals,Tue,Home,D,2,2,es Real Madrid,1.6,1.9,51.0,75000.0,Manuel Neuer,4-2-3-1,4-4-2,Clément Turpin,Match Report,Leg 1 of 2,13.0,4.0,20.2,1.0,1,1,2023,Bayern Munich
46,2024-05-08,21:00,Champions Lg,Semi-finals,Wed,Away,L,1,2,es Real Madrid,0.4,2.8,43.0,76579.0,Manuel Neuer,4-2-3-1,4-4-2,Szymon Marciniak,Match Report,Leg 2 of 2; Real Madrid won,8.0,5.0,17.4,0.0,0,0,2023,Bayern Munich
1,2023-07-25,19:15,Champions Lg,Second qualifying round,Tue,Away,W,2,0,is Breiðablik,,,,1485.0,Rasmus Falk,4-3-3,4-3-3,Gergő Bogár,Match Report,Leg 1 of 2,,,,,0,0,2023,FC Copenhagen
3,2023-08-02,20:00,Champions Lg,Second qualifying round,Wed,Home,W,6,3,is Breiðablik,,,,20886.0,Rasmus Falk,4-3-3,4-3-3,Fabio Maresca,Match Report,Leg 2 of 2; FC Copenhagen won,,,,,0,0,2023,FC Copenhagen
5,2023-08-08,20:00,Champions Lg,Third qualifying round,Tue,Home,D,0,0,cz Sparta Prague,,,,27170.0,Rasmus Falk,4-3-3,3-4-3,Benoît Bastien,Match Report,Leg 1 of 2,,,,,0,0,2023,FC Copenhagen
7,2023-08-15,19:00,Champions Lg,Third qualifying round,Tue,Away,D,3 (4),3 (2),cz Sparta Prague,,,,18109.0,Rasmus Falk,4-3-3,3-4-3,Serdar Gözübüyük,Match Report,Leg 2 of 2; FC Copenhagen won; FC Copenhagen won on penalty kicks following extra time,,,,,0,0,2023,FC Copenhagen
9,2023-08-22,21:00,Champions Lg,Play-off round,Tue,Away,W,1,0,pl RKS Raków,,,48.0,11600.0,Viktor Claesson,4-3-3,3-4-3,Irfan Peljto,Match Report,Leg 1 of 2,4.0,1.0,,,0,0,2023,FC Copenhagen
11,2023-08-30,21:00,Champions Lg,Play-off round,Wed,Home,D,1,1,pl RKS Raków,,,47.0,34737.0,Viktor Claesson,4-3-3,3-4-3,István Kovács,Match Report,Leg 2 of 2; FC Copenhagen won,12.0,1.0,,,0,0,2023,FC Copenhagen
14,2023-09-20,19:45,Champions Lg,Group stage,Wed,Away,D,2,2,tr Galatasaray,0.6,1.1,37.0,46911.0,Rasmus Falk,4-3-3,4-2-3-1,Georgi Kabakov,Match Report,,7.0,3.0,17.1,0.0,0,0,2023,FC Copenhagen
17,2023-10-03,21:00,Champions Lg,Group stage,Tue,Home,L,1,2,de Bayern Munich,0.9,0.9,43.0,35690.0,Viktor Claesson,4-3-3,4-2-3-1,Orel Grinfeeld,Match Report,,11.0,4.0,15.7,0.0,0,0,2023,FC Copenhagen
20,2023-10-24,20:00,Champions Lg,Group stage,Tue,Away,L,0,1,eng Manchester Utd,1.9,1.7,50.0,73249.0,Viktor Claesson,4-3-3,4-2-3-1,Marco Guida,Match Report,,15.0,3.0,20.3,1.0,0,1,2023,FC Copenhagen
23,2023-11-08,21:00,Champions Lg,Group stage,Wed,Home,W,4,3,eng Manchester Utd,2.2,3.0,52.0,36099.0,Viktor Claesson,4-3-3,4-2-3-1,Donatas Rumšas,Match Report,,15.0,7.0,20.8,0.0,1,1,2023,FC Copenhagen
26,2023-11-29,21:00,Champions Lg,Group stage,Wed,Away,D,0,0,de Bayern Munich,0.7,0.7,38.0,75000.0,Viktor Claesson,4-3-2-1,4-2-3-1,Stéphanie Frappart,Match Report,,8.0,3.0,16.8,0.0,0,0,2023,FC Copenhagen
28,2023-12-12,21:00,Champions Lg,Group stage,Tue,Home,W,1,0,tr Galatasaray,1.3,1.4,37.0,34726.0,Viktor Claesson,4-3-3,4-2-3-1,Daniele Orsato,Match Report,,11.0,3.0,17.9,0.0,0,0,2023,FC Copenhagen
29,2024-02-13,21:00,Champions Lg,Round of 16,Tue,Home,L,1,3,eng Manchester City,0.3,3.3,21.0,35853.0,Viktor Claesson,4-3-3,4-2-3-1,José Sánchez,Match Report,Leg 1 of 2,4.0,1.0,15.7,0.0,0,0,2023,FC Copenhagen
33,2024-03-06,20:00,Champions Lg,Round of 16,Wed,Away,L,1,3,eng Manchester City,1.2,0.8,32.0,51531.0,Kamil Grabara,3-4-3,4-2-3-1,Espen Eskås,Match Report,Leg 2 of 2; Manchester City won,11.0,2.0,18.5,0.0,0,0,2023,FC Copenhagen
0,2023-07-25,19:00,Champions Lg,Second qualifying round,Tue,Away,D,2,2,lt Žalgiris,,,,4864.0,Fernando Muslera,4-2-3-1,4-4-2,Luís Godinho,Match Report,Leg 1 of 2,,,,,0,0,2023,Galatasaray
1,2023-08-02,21:30,Champions Lg,Second qualifying round,Wed,Home,W,1,0,lt Žalgiris,,,,41505.0,Fernando Muslera,4-2-3-1,4-4-2,Willy Delajod,Match Report,Leg 2 of 2; Galatasaray won,,,,,0,0,2023,Galatasaray
2,2023-08-08,21:00,Champions Lg,Third qualifying round,Tue,Away,W,3,0,si Olimpija,,,,13712.0,Fernando Muslera,4-2-3-1,5-4-1,Andreas Ekberg,Match Report,Leg 1 of 2,,,,,0,0,2023,Galatasaray
4,2023-08-15,21:00,Champions Lg,Third qualifying round,Tue,Home,W,1,0,si Olimpija,,,,38383.0,Fernando Muslera,4-2-3-1,5-4-1,Marco Guida,Match Report,Leg 2 of 2; Galatasaray won,,,,,0,0,2023,Galatasaray
6,2023-08-23,21:00,Champions Lg,Play-off round,Wed,Away,W,3,2,no Molde,,,51.0,9553.0,Fernando Muslera,4-4-1-1,3-5-2,Anthony Taylor,Match Report,Leg 1 of 2,6.0,3.0,,,0,0,2023,Galatasaray
7,2023-08-29,22:00,Champions Lg,Play-off round,Tue,Home,W,2,1,no Molde,,,60.0,47845.0,Fernando Muslera,4-2-3-1,3-5-2,Szymon Marciniak,Match Report,Leg 2 of 2; Galatasaray won,9.0,3.0,,,1,1,2023,Galatasaray
10,2023-09-20,19:45,Champions Lg,Group stage,Wed,Home,D,2,2,dk FC Copenhagen,1.1,0.6,63.0,46911.0,Fernando Muslera,4-2-3-1,4-3-3,Georgi Kabakov,Match Report,,14.0,5.0,17.6,0.0,0,0,2023,Galatasaray
14,2023-10-03,20:00,Champions Lg,Group stage,Tue,Away,W,3,2,eng Manchester Utd,2.6,2.3,45.0,73204.0,Fernando Muslera,4-2-3-1,4-3-3,Ivan Kružliak,Match Report,,13.0,4.0,18.4,0.0,0,1,2023,Galatasaray
17,2023-10-24,19:45,Champions Lg,Group stage,Tue,Home,L,1,3,de Bayern Munich,2.7,1.9,52.0,51776.0,Fernando Muslera,4-2-3-1,4-2-3-1,Davide Massa,Match Report,,19.0,3.0,17.4,0.0,1,1,2023,Galatasaray
20,2023-11-08,21:00,Champions Lg,Group stage,Wed,Away,L,1,2,de Bayern Munich,0.7,2.5,39.0,75000.0,Fernando Muslera,4-2-3-1,4-2-3-1,António Nobre,Match Report,,6.0,2.0,16.9,0.0,0,0,2023,Galatasaray
23,2023-11-29,20:45,Champions Lg,Group stage,Wed,Home,D,3,3,eng Manchester Utd,1.5,1.6,57.0,51733.0,Fernando Muslera,4-2-3-1,4-2-3-1,José Sánchez,Match Report,,16.0,7.0,17.4,2.0,0,0,2023,Galatasaray
26,2023-12-12,21:00,Champions Lg,Group stage,Tue,Away,L,0,1,dk FC Copenhagen,1.4,1.3,63.0,34726.0,Fernando Muslera,4-2-3-1,4-3-3,Daniele Orsato,Match Report,,22.0,4.0,13.6,0.0,0,0,2023,Galatasaray
5,2023-09-20,21:00,Champions Lg,Group stage,Wed,Away,L,3,4,de Bayern Munich,1.7,2.2,41.0,75000.0,Bruno Fernandes,4-2-3-1,4-2-3-1,Glenn Nyberg,Match Report,,9.0,4.0,11.3,0.0,0,0,2023,Manchester United
9,2023-10-03,20:00,Champions Lg,Group stage,Tue,Home,L,2,3,tr Galatasaray,2.3,2.6,55.0,73204.0,Bruno Fernandes,4-3-3,4-2-3-1,Ivan Kružliak,Match Report,,16.0,5.0,16.5,1.0,0,0,2023,Manchester United
12,2023-10-24,20:00,Champions Lg,Group stage,Tue,Home,W,1,0,dk FC Copenhagen,1.7,1.9,50.0,73249.0,Bruno Fernandes,4-2-3-1,4-3-3,Marco Guida,Match Report,,15.0,5.0,15.0,0.0,0,0,2023,Manchester United
16,2023-11-08,21:00,Champions Lg,Group stage,Wed,Away,L,3,4,dk FC Copenhagen,3.0,2.2,48.0,36099.0,Bruno Fernandes,4-2-3-1,4-3-3,Donatas Rumšas,Match Report,,8.0,7.0,14.5,0.0,1,1,2023,Manchester United
19,2023-11-29,20:45,Champions Lg,Group stage,Wed,Away,D,3,3,tr Galatasaray,1.6,1.5,43.0,51733.0,Bruno Fernandes,4-2-3-1,4-2-3-1,José Sánchez,Match Report,,17.0,4.0,17.3,0.0,0,0,2023,Manchester United
23,2023-12-12,20:00,Champions Lg,Group stage,Tue,Home,L,0,1,de Bayern Munich,0.3,1.2,41.0,73073.0,Bruno Fernandes,4-2-3-1,4-2-3-1,Espen Eskås,Match Report,,5.0,1.0,24.1,1.0,0,0,2023,Manchester United
5,2022-09-07,21:00,Champions Lg,Group stage,Wed,Home,W,4,1,eng Liverpool,4.0,1.0,39.0,51793.0,Giovanni Di Lorenzo,4-2-3-1,4-3-3,Carlos del Cerro,Match Report,,16.0,6.0,17.5,0.0,1,2,2022,Napoli
7,2022-09-14,20:00,Champions Lg,Group stage,Wed,Away,W,3,0,sct Rangers,3.5,1.3,57.0,50121.0,Giovanni Di Lorenzo,4-2-3-1,3-5-2,Antonio Matéu,Match Report,,23.0,8.0,20.0,0.0,1,2,2022,Napoli
10,2022-10-04,21:00,Champions Lg,Group stage,Tue,Away,W,6,1,nl Ajax,3.3,1.4,56.0,52896.0,Giovanni Di Lorenzo,4-3-3,4-2-3-1,François Letexier,Match Report,,26.0,13.0,15.5,1.0,0,0,2022,Napoli
12,2022-10-12,18:45,Champions Lg,Group stage,Wed,Home,W,4,2,nl Ajax,3.2,1.6,45.0,52229.0,Giovanni Di Lorenzo,4-3-3,4-3-3,Felix Zwayer,Match Report,,12.0,4.0,15.4,0.0,1,1,2022,Napoli
15,2022-10-26,21:00,Champions Lg,Group stage,Wed,Home,W,3,0,sct Rangers,1.8,0.7,64.0,39835.0,Giovanni Di Lorenzo,4-3-3,4-2-3-1,Halil Umut Meler,Match Report,,14.0,6.0,12.9,0.0,0,0,2022,Napoli
17,2022-11-01,20:00,Champions Lg,Group stage,Tue,Away,L,0,2,eng Liverpool,0.4,2.4,48.0,52077.0,Giovanni Di Lorenzo,4-3-3,4-3-3,Tobias Stieler,Match Report,,10.0,2.0,19.8,0.0,0,0,2022,Napoli
30,2023-02-21,21:00,Champions Lg,Round of 16,Tue,Away,W,2,0,de Eint Frankfurt,2.8,0.4,69.0,47500.0,Giovanni Di Lorenzo,4-3-3,3-4-3,Artur Dias,Match Report,Leg 1 of 2,17.0,9.0,14.6,0.0,0,1,2022,Napoli
34,2023-03-15,21:00,Champions Lg,Round of 16,Wed,Home,W,3,0,de Eint Frankfurt,2.7,1.1,60.0,49082.0,Giovanni Di Lorenzo,4-3-3,4-2-3-1,Anthony Taylor,Match Report,Leg 2 of 2; Napoli won,11.0,7.0,14.4,0.0,1,1,2022,Napoli
38,2023-04-12,21:00,Champions Lg,Quarter-finals,Wed,Away,L,0,1,it Milan,1.3,1.1,53.0,74742.0,Giovanni Di Lorenzo,4-3-3,4-2-3-1,István Kovács,Match Report,Leg 1 of 2,16.0,5.0,19.8,0.0,0,0,2022,Napoli
40,2023-04-18,21:00,Champions Lg,Quarter-finals,Tue,Home,D,1,1,it Milan,2.2,2.0,73.0,52728.0,Giovanni Di Lorenzo,4-3-3,4-2-3-1,Szymon Marciniak,Match Report,Leg 2 of 2; Milan won,22.0,3.0,16.4,1.0,0,1,2022,Napoli
7,2022-09-07,21:00,Champions Lg,Group stage,Wed,Away,L,1,4,it Napoli,1.0,4.0,61.0,51793.0,James Milner,4-3-3,4-2-3-1,Carlos del Cerro,Match Report,,15.0,7.0,15.7,1.0,0,0,2022,Liverpool
8,2022-09-13,20:00,Champions Lg,Group stage,Tue,Home,W,2,1,nl Ajax,2.2,0.3,57.0,52387.0,Virgil van Dijk,4-3-3,4-2-3-1,Artur Dias,Match Report,,24.0,10.0,15.9,0.0,0,0,2022,Liverpool
10,2022-10-04,20:00,Champions Lg,Group stage,Tue,Home,W,2,0,sct Rangers,2.9,0.4,64.0,49512.0,Jordan Henderson,4-2-3-1,5-4-1,Clément Turpin,Match Report,,22.0,9.0,17.2,1.0,1,1,2022,Liverpool
12,2022-10-12,20:00,Champions Lg,Group stage,Wed,Away,W,7,1,sct Rangers,2.2,0.5,57.0,48820.0,Jordan Henderson,4-4-2,4-2-3-1,Slavko Vinčič,Match Report,,20.0,9.0,18.1,1.0,0,0,2022,Liverpool
16,2022-10-26,21:00,Champions Lg,Group stage,Wed,Away,W,3,0,nl Ajax,1.6,1.2,50.0,53327.0,Jordan Henderson,4-1-2-1-2◆,4-3-3,José Sánchez,Match Report,,13.0,5.0,14.6,0.0,0,0,2022,Liverpool
18,2022-11-01,20:00,Champions Lg,Group stage,Tue,Home,W,2,0,it Napoli,2.4,0.4,52.0,52077.0,James Milner,4-3-3,4-3-3,Tobias Stieler,Match Report,,14.0,6.0,12.4,0.0,0,0,2022,Liverpool
34,2023-02-21,20:00,Champions Lg,Round of 16,Tue,Home,L,2,5,es Real Madrid,1.8,1.6,52.0,52337.0,Jordan Henderson,4-3-3,4-3-3,István Kovács,Match Report,Leg 1 of 2,9.0,4.0,14.3,1.0,0,0,2022,Liverpool
39,2023-03-15,21:00,Champions Lg,Round of 16,Wed,Away,L,0,1,es Real Madrid,0.6,2.2,46.0,63127.0,James Milner,4-3-3,4-3-3,Felix Zwayer,Match Report,Leg 2 of 2; Real Madrid won,9.0,5.0,17.8,0.0,0,0,2022,Liverpool
5,2022-09-07,18:45,Champions Lg,Group stage,Wed,Home,W,4,0,sct Rangers,2.1,0.1,74.0,52862.0,Dušan Tadić,4-3-3,4-2-3-1,Tobias Stieler,Match Report,,17.0,9.0,17.3,0.0,0,0,2022,Ajax
7,2022-09-13,20:00,Champions Lg,Group stage,Tue,Away,L,1,2,eng Liverpool,0.3,2.2,43.0,52387.0,Dušan Tadić,4-2-3-1,4-3-3,Artur Dias,Match Report,,3.0,1.0,13.4,0.0,0,0,2022,Ajax
10,2022-10-04,21:00,Champions Lg,Group stage,Tue,Home,L,1,6,it Napoli,1.4,3.3,44.0,52896.0,Dušan Tadić,4-2-3-1,4-3-3,François Letexier,Match Report,,8.0,2.0,17.5,0.0,0,0,2022,Ajax
12,2022-10-12,18:45,Champions Lg,Group stage,Wed,Away,L,2,4,it Napoli,1.6,3.2,55.0,52229.0,Daley Blind,4-3-3,4-3-3,Felix Zwayer,Match Report,,12.0,2.0,20.6,0.0,1,1,2022,Ajax
15,2022-10-26,21:00,Champions Lg,Group stage,Wed,Home,L,0,3,eng Liverpool,1.2,1.6,50.0,53327.0,Dušan Tadić,4-3-3,4-1-2-1-2,José Sánchez,Match Report,,11.0,1.0,16.9,0.0,0,0,2022,Ajax
16,2022-11-01,20:00,Champions Lg,Group stage,Tue,Away,W,3,1,sct Rangers,1.8,1.8,53.0,48817.0,Dušan Tadić,4-3-3,4-2-3-1,Glenn Nyberg,Match Report,,13.0,7.0,16.6,0.0,0,0,2022,Ajax
1,2022-08-02,20:45,Champions Lg,Third qualifying round,Tue,Away,L,0,2,be Union SG,,,,1100.0,James Tavernier,4-1-4-1,3-5-2,Irfan Peljto,Match Report,Leg 1 of 2,,,,,0,0,2022,Rangers
3,2022-08-09,19:45,Champions Lg,Third qualifying round,Tue,Home,W,3,0,be Union SG,,,,48454.0,James Tavernier,4-3-3,3-5-2,Anastasios Sidiropoulos,Match Report,Leg 2 of 2; Rangers won,,,,,1,1,2022,Rangers
5,2022-08-16,20:00,Champions Lg,Play-off round,Tue,Home,D,2,2,nl PSV Eindhoven,,,55.0,49097.0,James Tavernier,4-3-3,4-3-3,Daniele Orsato,Match Report,Leg 1 of 2,12.0,7.0,,,0,0,2022,Rangers
7,2022-08-24,21:00,Champions Lg,Play-off round,Wed,Away,W,1,0,nl PSV Eindhoven,,,42.0,34893.0,James Tavernier,4-3-3,4-3-3,Szymon Marciniak,Match Report,Leg 2 of 2; Rangers won,14.0,3.0,,,0,0,2022,Rangers
10,2022-09-07,18:45,Champions Lg,Group stage,Wed,Away,L,0,4,nl Ajax,0.1,2.1,26.0,52862.0,James Tavernier,4-2-3-1,4-3-3,Tobias Stieler,Match Report,,4.0,1.0,22.1,0.0,0,0,2022,Rangers
11,2022-09-14,20:00,Champions Lg,Group stage,Wed,Home,L,0,3,it Napoli,1.3,3.5,43.0,50121.0,James Tavernier,3-5-2,4-2-3-1,Antonio Matéu,Match Report,,10.0,3.0,15.6,0.0,0,0,2022,Rangers
14,2022-10-04,20:00,Champions Lg,Group stage,Tue,Away,L,0,2,eng Liverpool,0.4,2.9,36.0,49512.0,James Tavernier,5-4-1,4-2-3-1,Clément Turpin,Match Report,,6.0,1.0,14.9,1.0,0,0,2022,Rangers
16,2022-10-12,20:00,Champions Lg,Group stage,Wed,Home,L,1,7,eng Liverpool,0.5,2.2,43.0,48820.0,James Tavernier,4-2-3-1,4-4-2,Slavko Vinčič,Match Report,,7.0,2.0,18.6,0.0,0,0,2022,Rangers
19,2022-10-26,21:00,Champions Lg,Group stage,Wed,Away,L,0,3,it Napoli,0.7,1.8,36.0,39835.0,James Tavernier,4-2-3-1,4-3-3,Halil Umut Meler,Match Report,,9.0,1.0,16.0,0.0,0,0,2022,Rangers
21,2022-11-01,20:00,Champions Lg,Group stage,Tue,Home,L,1,3,nl Ajax,1.8,1.8,47.0,48817.0,James Tavernier,4-2-3-1,4-3-3,Glenn Nyberg,Match Report,,7.0,2.0,21.1,1.0,1,1,2022,Rangers
5,2021-09-15,20:00,Champions Lg,Group stage,Wed,Home,W,6,3,de RB Leipzig,1.9,0.9,50.0,38062.0,Rúben Dias,4-3-3,4-2-3-1,Serdar Gözübüyük,Match Report,,15.0,7.0,16.8,0.0,1,1,2021,Manchester City
9,2021-09-28,21:00,Champions Lg,Group stage,Tue,Away,L,0,2,fr Paris S-G,1.9,0.4,54.0,37350.0,Rúben Dias,4-3-3,4-3-3,Carlos del Cerro,Match Report,,18.0,7.0,15.9,2.0,0,0,2021,Manchester City
12,2021-10-19,18:45,Champions Lg,Group stage,Tue,Away,W,5,1,be Club Brugge,4.7,0.6,63.0,24915.0,Rúben Dias,4-3-3,4-4-1-1,István Kovács,Match Report,,21.0,8.0,16.1,1.0,1,1,2021,Manchester City
16,2021-11-03,20:00,Champions Lg,Group stage,Wed,Home,W,4,1,be Club Brugge,4.6,0.8,70.0,50228.0,İlkay Gündoğan,4-3-3,5-3-2,Antonio Matéu Lahoz,Match Report,,22.0,8.0,13.7,0.0,0,0,2021,Manchester City
19,2021-11-24,20:00,Champions Lg,Group stage,Wed,Home,W,2,1,fr Paris S-G,2.1,1.0,54.0,52030.0,İlkay Gündoğan,4-3-3,4-3-3,Daniele Orsato,Match Report,,16.0,5.0,16.2,0.0,0,0,2021,Manchester City
23,2021-12-07,18:45,Champions Lg,Group stage,Tue,Away,L,1,2,de RB Leipzig,1.2,1.7,56.0,,Fernandinho,4-3-3,4-2-3-1,Sandro Schärer,Match Report,,13.0,3.0,17.1,3.0,0,0,2021,Manchester City
36,2022-02-15,20:00,Champions Lg,Round of 16,Tue,Away,W,5,0,pt Sporting CP,2.1,0.1,63.0,48129.0,Rúben Dias,4-3-3,3-4-3,Srdjan Stojanovic,Match Report,Leg 1 of 2,15.0,6.0,15.3,0.0,0,0,2021,Manchester City
41,2022-03-09,20:00,Champions Lg,Round of 16,Wed,Home,D,0,0,pt Sporting CP,1.5,0.8,68.0,51213.0,Fernandinho,4-3-3,3-4-3,Halil Umut Meler,Match Report,Leg 2 of 2; Manchester City won,14.0,4.0,17.1,1.0,0,0,2021,Manchester City
45,2022-04-05,20:00,Champions Lg,Quarter-finals,Tue,Home,W,1,0,es Atlético Madrid,1.0,0.0,70.0,52018.0,İlkay Gündoğan,4-3-3,5-3-2,István Kovács,Match Report,Leg 1 of 2,15.0,2.0,18.9,1.0,0,0,2021,Manchester City
47,2022-04-13,21:00,Champions Lg,Quarter-finals,Wed,Away,D,0,0,es Atlético Madrid,1.2,0.8,59.0,65675.0,İlkay Gündoğan,4-3-3,5-4-1,Daniel Siebert,Match Report,Leg 2 of 2; Manchester City won,10.0,1.0,16.6,0.0,0,0,2021,Manchester City
51,2022-04-26,20:00,Champions Lg,Semi-finals,Tue,Home,W,4,3,es Real Madrid,2.7,1.6,59.0,52217.0,Rúben Dias,4-3-3,4-3-3,István Kovács,Match Report,Leg 1 of 2,16.0,5.0,14.7,1.0,0,0,2021,Manchester City
53,2022-05-04,21:00,Champions Lg,Semi-finals,Wed,Away,L,1,3,es Real Madrid,1.4,2.3,55.0,61416.0,Rúben Dias,4-3-3,4-2-3-1,Daniele Orsato,Match Report,Leg 2 of 2; Real Madrid won; Required Extra Time,15.0,9.0,18.1,1.0,0,0,2021,Manchester City
6,2021-09-15,21:00,Champions Lg,Group stage,Wed,Away,D,1,1,be Club Brugge,1.4,1.3,64.0,27546.0,Marquinhos,4-3-3,4-4-1-1,Sandro Schärer,Match Report,,9.0,4.0,15.0,0.0,0,0,2021,Paris Saint Germain
10,2021-09-28,21:00,Champions Lg,Group stage,Tue,Home,W,2,0,eng Manchester City,0.4,1.9,46.0,37350.0,Marquinhos,4-3-3,4-3-3,Carlos del Cerro,Match Report,,6.0,3.0,15.8,0.0,0,0,2021,Paris Saint Germain
13,2021-10-19,21:00,Champions Lg,Group stage,Tue,Home,W,3,2,de RB Leipzig,3.0,2.1,64.0,47359.0,Marquinhos,4-3-3,3-5-2,Marco Guida,Match Report,,10.0,3.0,18.2,0.0,1,2,2021,Paris Saint Germain
16,2021-11-03,21:00,Champions Lg,Group stage,Wed,Away,D,2,2,de RB Leipzig,2.1,3.3,46.0,39794.0,Marquinhos,4-3-3,3-4-3,Andreas Ekberg,Match Report,,7.0,4.0,11.7,0.0,0,0,2021,Paris Saint Germain
19,2021-11-24,20:00,Champions Lg,Group stage,Wed,Away,L,1,2,eng Manchester City,1.0,2.1,46.0,52030.0,Marquinhos,4-3-3,4-3-3,Daniele Orsato,Match Report,,7.0,2.0,18.0,0.0,0,0,2021,Paris Saint Germain
23,2021-12-07,18:45,Champions Lg,Group stage,Tue,Home,W,4,1,be Club Brugge,3.6,1.1,60.0,47492.0,Marquinhos,4-3-3,4-2-3-1,Jesús Gil,Match Report,,16.0,8.0,16.6,0.0,1,1,2021,Paris Saint Germain
34,2022-02-15,21:00,Champions Lg,Round of 16,Tue,Home,W,1,0,es Real Madrid,2.0,0.2,57.0,47443.0,Marquinhos,4-3-3,4-3-3,Daniele Orsato,Match Report,Leg 1 of 2,20.0,7.0,20.6,1.0,0,1,2021,Paris Saint Germain
38,2022-03-09,21:00,Champions Lg,Round of 16,Wed,Away,L,1,3,es Real Madrid,0.8,2.0,56.0,59895.0,Marquinhos,4-3-3,4-3-3,Danny Makkelie,Match Report,Leg 2 of 2; Real Madrid won,10.0,4.0,16.7,1.0,0,0,2021,Paris Saint Germain
5,2021-09-15,20:00,Champions Lg,Group stage,Wed,Away,L,3,6,eng Manchester City,0.9,1.9,50.0,38062.0,Péter Gulácsi,4-2-3-1,4-3-3,Serdar Gözübüyük,Match Report,,10.0,3.0,16.4,0.0,0,0,2021,RB Leipzig
8,2021-09-28,21:00,Champions Lg,Group stage,Tue,Home,L,1,2,be Club Brugge,1.3,1.4,66.0,23500.0,Péter Gulácsi,3-4-3,4-4-1-1,Slavko Vinčič,Match Report,,13.0,4.0,21.1,1.0,0,0,2021,RB Leipzig
11,2021-10-19,21:00,Champions Lg,Group stage,Tue,Away,L,2,3,fr Paris S-G,2.1,3.0,36.0,47359.0,Péter Gulácsi,3-5-2,4-3-3,Marco Guida,Match Report,,18.0,4.0,15.5,1.0,0,0,2021,RB Leipzig
15,2021-11-03,21:00,Champions Lg,Group stage,Wed,Home,D,2,2,fr Paris S-G,3.3,2.1,54.0,39794.0,Péter Gulácsi,3-4-3,4-3-3,Andreas Ekberg,Match Report,,15.0,3.0,19.9,1.0,1,2,2021,RB Leipzig
18,2021-11-24,21:00,Champions Lg,Group stage,Wed,Away,W,5,0,be Club Brugge,3.8,0.9,44.0,24072.0,Kevin Kampl,4-1-2-1-2◆,3-4-3,Davide Massa,Match Report,,22.0,12.0,17.1,0.0,1,1,2021,RB Leipzig
21,2021-12-07,18:45,Champions Lg,Group stage,Tue,Home,W,2,1,eng Manchester City,1.7,1.2,44.0,,Péter Gulácsi,4-2-3-1,4-3-3,Sandro Schärer,Match Report,,9.0,5.0,12.8,0.0,0,0,2021,RB Leipzig
7,2021-09-15,21:00,Champions Lg,Group stage,Wed,Home,D,1,1,fr Paris S-G,1.3,1.4,36.0,27546.0,Hans Vanaken,4-4-1-1,4-3-3,Sandro Schärer,Match Report,,16.0,7.0,16.3,2.0,0,0,2021,Club Brugge
10,2021-09-28,21:00,Champions Lg,Group stage,Tue,Away,W,2,1,de RB Leipzig,1.4,1.3,34.0,23500.0,Hans Vanaken,4-4-1-1,3-4-3,Slavko Vinčič,Match Report,,8.0,5.0,14.2,0.0,0,0,2021,Club Brugge
13,2021-10-19,18:45,Champions Lg,Group stage,Tue,Home,L,1,5,eng Manchester City,0.6,4.7,37.0,24915.0,Hans Vanaken,4-4-1-1,4-3-3,István Kovács,Match Report,,5.0,2.0,15.5,0.0,0,0,2021,Club Brugge
16,2021-11-03,20:00,Champions Lg,Group stage,Wed,Away,L,1,4,eng Manchester City,0.8,4.6,30.0,50228.0,Ruud Vormer,5-3-2,4-3-3,Antonio Matéu Lahoz,Match Report,,7.0,3.0,15.4,0.0,0,0,2021,Club Brugge
19,2021-11-24,21:00,Champions Lg,Group stage,Wed,Home,L,0,5,de RB Leipzig,0.9,3.8,56.0,24072.0,Hans Vanaken,3-4-3,4-1-2-1-2,Davide Massa,Match Report,,10.0,3.0,19.9,0.0,0,0,2021,Club Brugge
22,2021-12-07,18:45,Champions Lg,Group stage,Tue,Away,L,1,4,fr Paris S-G,1.1,3.6,40.0,47492.0,Hans Vanaken,4-2-3-1,4-3-3,Jesús Gil,Match Report,,15.0,6.0,16.8,1.0,0,0,2021,Club Brugge
